,Datetime,Tweet Id,Text
0,2020-02-29 19:30:48,1233837037612126210,RT @propublica: Journalism will be important as coronavirus spreads. Help our newly-assembled reporting team figure out which stories need‚Ä¶
1,2020-02-27 02:03:45,1232848766144671744,üëÄ https://t.co/gI1jdicGGV
2,2020-02-27 01:59:41,1232847743049011200,"RT @TwitterDev: In November, we gave people the ability to hide replies to their Tweets. Starting today, we‚Äôre opening this feature up to d‚Ä¶"
3,2020-02-27 00:27:40,1232824583830437888,@cyberadam26 Happy birthday!
4,2020-02-27 00:22:05,1232823180797992960,üëÄ #bitcoin https://t.co/YvUcrMCSMW
5,2020-02-25 22:33:10,1232433383692623872,RT @MatthewACherry: New updated #HairLove book cover that is coming soon. Before vs. After. Can you spot the two differences? https://t.co/‚Ä¶
6,2020-02-25 17:06:09,1232351085966159872,@taylordelo 32 wrinkles
7,2020-02-24 20:16:46,1232036668934250496,"RT @Phil_Lewis_: ‚ÄúNow I‚Äôm going to have to look at another crying meme for the next three, four years.‚Äù - Michael Jordan

#KobeFarewell htt‚Ä¶"
8,2020-02-23 23:18:30,1231720016321474560,RT @LilNasX: sending $20 on cashapp. to the first 7 people to reply with the phrase he said in this video https://t.co/KOrou9w65r
9,2020-02-23 06:32:28,1231466838757765120,@bitcoinzay Yessir! Would love for you to come to Square to speak to our team as well!
10,2020-02-23 06:14:13,1231462247546769408,"RT @SylviaObell: Rihanna accepting the black party‚Äôs nomination for President tonight 
https://t.co/OZFYpGXQRh"
11,2020-02-23 05:04:41,1231444749174759425,RT @chancetherapper: D SMOOOOOOKE #WilderFury2
12,2020-02-23 03:47:07,1231425225692086272,Get the book here: https://t.co/ffCWuj2Pms
13,2020-02-23 03:45:42,1231424871294308353,RT @TJay: I can‚Äôt wait for this fight man #TysonFury2
14,2020-02-23 03:45:28,1231424810783109120,Excellent interview with @bitcoinzay on his book #Bitcoin And Black America. https://t.co/4gGL8MAP5G
15,2020-02-23 02:28:38,1231405475066834945,@aprilnettles @djcap ü§´
16,2020-02-22 04:30:30,1231073755847262208,@ceobrags I‚Äôm extremely proud I was able to find this and push the follow button.
17,2020-02-22 03:09:51,1231053461447311360,@fariole @laurafariole Congrats!
18,2020-02-22 02:43:44,1231046886800277509,@JustCallMeSio üíØ
19,2020-02-21 22:28:06,1230982556280975360,I‚Äôve discovered the way to make slack grind to a crawl and crash repeatedly
20,2020-02-21 02:56:21,1230687676006686720,@retornam Yessir
21,2020-02-21 02:55:35,1230687483282673664,That‚Äôs @niinarkuquaynor up top
22,2020-02-21 02:29:27,1230680905464729600,"Talked #bitcoin Africa with #NiiQuaynor, @PindarWong, and @moneyball! üåç https://t.co/MmfpEu4Ayz"
23,2020-02-20 23:01:50,1230628656180912129,"RT @yoyotrav: Black Twitter, we did it again. 
Jalaiah made it to Ellen! https://t.co/skuje7P05R"
24,2020-02-20 22:59:00,1230627944537526273,@thesullivan @leslieberland How‚Äôd it taste
25,2020-02-20 22:58:20,1230627775762944001,@iamQblaq @leslieberland She said talk with @kayvz the verification god
26,2020-02-20 22:57:58,1230627685052772352,@kpk @leslieberland Yes
27,2020-02-20 22:57:37,1230627595495989248,@davepell @leslieberland Nah
28,2020-02-20 22:25:19,1230619467870138369,I just talked with @leslieberland‚Äôs mom on the phone AMA
29,2020-02-20 20:55:43,1230596920722116608,RT @itskeyon: ON ELLEN.....  https://t.co/BbRCibOZyV
30,2020-02-20 20:49:57,1230595467727130625,@Larakate Magic
31,2020-02-20 20:08:04,1230584929185959936,https://t.co/c1NBxDqnVm
32,2020-02-20 19:35:34,1230576749571739648,Just met Simileoluwa. Will be stopping by @ekokitchensf here in SF! https://t.co/gU7EoZiq2j
33,2020-02-20 07:20:53,1230391857932201984,@arttavana Mute will get stronger eventually
34,2020-02-20 06:38:24,1230381168807170050,"RT @bluesky: In the spirit of decentralization, we had a crazy idea: what if we brought strangers together in a virtual space to hash out a‚Ä¶"
35,2020-02-20 02:46:35,1230322828844515329,RT @jazadelphia: Me on turbo tax watching this debate https://t.co/34NhVDAJQv
36,2020-02-20 01:49:39,1230308500741378048,"RT @Twitter: Now you can add a Tweet to one you already Tweeted, faster! https://t.co/j3ktAN6t5o"
37,2020-02-20 01:24:00,1230302045975891968,@boo ‚ÄúStop‚Äù
38,2020-02-19 05:47:55,1230006077703352320,RT @nonprofWHIT: I had no idea I could long press on a word in a tweet and immediately mute it
39,2020-02-19 05:01:03,1229994282183847936,RT @owenbjennings: Visiting the ‚Å¶@CashApp‚Å© fam in STL and the arch looks üòóüòô https://t.co/Oab38rTEZk
40,2020-02-18 23:59:54,1229918496445714433,@bborrman @sarahfrier @NickPacilio New OKR
41,2020-02-18 23:20:05,1229908473594253314,@allincapital Yes and then talk to @kayvz
42,2020-02-18 23:18:08,1229907982491643905,@BWJones https://t.co/MN3WpolOlN
43,2020-02-18 23:16:53,1229907669156126721,https://t.co/oAvQaFXUAM
44,2020-02-18 23:05:37,1229904833903091712,"@sarahfrier @NickPacilio I haven‚Äôt, but I‚Äôd be happy to provide that service for anyone on our comms team if needed."
45,2020-02-18 22:24:42,1229894535452315649,Thanks for joining Twitter! https://t.co/VxXwRQ5snZ
46,2020-02-18 20:26:31,1229864795152666626,"@kayvz Feedback accepted, verification god"
47,2020-02-18 20:24:02,1229864169760911360,@kayvz It‚Äôs 12:24.
48,2020-02-18 20:19:56,1229863136926134272,"Watched this weekend. Excellent. Also: https://t.co/82PUEk62C4

https://t.co/IQKS3P9a02"
49,2020-02-18 17:11:48,1229815792868347904,"RT @GodisRivera: 1/üëãüèΩüßµ#BlackTwitter, we see you. We hear you. It‚Äôs happening: March 3 &amp; 4, we‚Äôre hosting #BlackTwitterLive ‚Äì an event to ho‚Ä¶"
50,2020-02-15 00:44:54,1228480268849291265,https://t.co/mI4TEOzHqy
51,2020-02-14 19:24:28,1228399629600845824,The best ‚Å¶@moxie‚Å©  https://t.co/Hj6Q4JqnAY
52,2020-02-13 23:23:23,1228097365686411264,"RT @TwitterWomen: For #BlackHistoryMonth, @womeng are sharing the journeys of some of the amazing female @Blackbirds engineers here at Twit‚Ä¶"
53,2020-02-12 19:35:52,1227677722098331649,Ghana is poised for an economic leap  https://t.co/56xOX3NCAr
54,2020-02-12 19:03:55,1227669680636092417,RT @AntonioFrench: This is an important story. It will appear on the front pages of both our papers this week. I hope this data is eye-open‚Ä¶
55,2020-02-12 06:18:26,1227477041706086400,RT @robjohnson: I made my 1st-ever political donation to @AndrewYang. He diagnosed problems our country may face ahead more compellingly th‚Ä¶
56,2020-02-12 01:54:21,1227410580534784000,Really sad Andrew is dropping out. He‚Äôs an incredibly authentic person who was focused on solving the big existenti‚Ä¶ https://t.co/UOmvhUckWt
57,2020-02-09 20:49:02,1226608969403076608,"RT @usman4all: Yesterday #TapIntoTwitterLafia hosted it first Meetup of the year.
#TapIntoTwitter 
Cc:@lvhcolorado @compston @AureliaSpecke‚Ä¶"
58,2020-02-06 15:57:25,1225448417318576128,"RT @fulmolightning: Introducing the Lightning Development Kit. Putting the #LightningNetwork into everything. ‚ö°‚ö°‚ö°

Valentine Wallace @vally‚Ä¶"
59,2020-02-06 12:11:05,1225391462415773696,Good morning
60,2020-02-06 01:21:09,1225227899705360384,@jpmaheu @Twitter Thank you JP!
61,2020-02-05 05:01:17,1224920910123061248,"@gasca Right with the universe now, more things are ‚ú®"
62,2020-02-05 04:38:06,1224915073975476224,@CamilaLawson5 @gasca ?
63,2020-02-05 04:36:21,1224914636333551621,@gasca But baby Gasca yoda is fresh
64,2020-02-05 04:33:58,1224914036396945409,@gasca Why are you not yoda anymore
65,2020-02-04 21:03:30,1224800671477592065,RT @TwitterSafety: We know that some Tweets include manipulated photos or videos that can cause people harm. Today we‚Äôre introducing a new‚Ä¶
66,2020-02-04 17:35:18,1224748275187601409,"RT @Square: ‚ÄúI didn't see black business owners in my neighborhood growing up, so it's really important for me to do what I'm doing. The mo‚Ä¶"
67,2020-02-04 04:38:47,1224552859758260225,@kayvz You look great
68,2020-02-04 02:54:39,1224526653532954624,RT @JustCallMeSio: This is what I woke up to see this morning. @Forbes writing about something I had a hand in. It‚Äôs a small part of a big‚Ä¶
69,2020-02-03 00:36:12,1224129423282032641,RT @mashable: Today is the first global palindrome day in 909 years. Another one won't happen for 101 years. https://t.co/7ybZP814jJ https:‚Ä¶
70,2020-02-03 00:31:47,1224128312915546113,@biz 02/02/2020
71,2020-02-02 05:31:33,1223841364711854080,#bitcoin cc:@unicode
72,2020-02-02 02:00:13,1223788179813101569,@Larakate Healthier
73,2020-02-01 03:43:32,1223451791326507008,RT @kayvz: Now rolled out on iOS. Coming soon on other platforms. What do you think?
74,2020-01-31 22:23:15,1223371191349460992,@nedsegal @TJay Nah guy never sleeps
75,2020-01-31 16:39:04,1223284572416163845,RT @rsa: https://t.co/ApJ1vgTht4
76,2020-01-31 16:38:44,1223284487858970626,@Larakate Tile it
77,2020-01-31 07:07:26,1223140715300941824,#NetflixCheer is incredible. @Navarro_Cheer
78,2020-01-31 07:02:22,1223139440853282821,"@taylordelo @heySierra Well, some I just gave your email address to. So, in time."
79,2020-01-31 06:41:28,1223134182550802432,@wongmjane There was some spam and group mailing lists...
80,2020-01-31 06:39:23,1223133659332374529,@jonathanwsabin @caroljsroth Al
81,2020-01-31 06:38:47,1223133505875406849,@thesaltjuice No but I did get one from salt cream. Replied.
82,2020-01-31 06:38:00,1223133310575988737,@Gleesonmg214 Email me and we‚Äôll set one up
83,2020-01-31 06:37:27,1223133173699239936,@TURKBROS Finally
84,2020-01-31 06:37:21,1223133146083803137,@305Bass Most of it
85,2020-01-31 06:36:46,1223132999417380864,@johndoe No sir!
86,2020-01-31 06:36:04,1223132822107410433,@Larakate I‚Äôm really glad you did your emails.
87,2020-01-31 06:35:14,1223132612534792192,@taylordelo @heySierra I sent most to Kayvon
88,2020-01-31 06:34:59,1223132549863493633,@Damokieran No!
89,2020-01-31 06:34:53,1223132523758149632,@wongmjane I did not. Inbox zero
90,2020-01-31 06:29:35,1223131190195916800,"RT @elonmusk: Don‚Äôt Doubt ur Vibe
https://t.co/5FJNJXUxW0"
91,2020-01-31 06:06:53,1223125478388584448,üßòüèª‚Äç‚ôÇÔ∏è https://t.co/7iylaCbGIQ
92,2020-01-31 03:15:35,1223082368337973248,3 https://t.co/T2Atls1dVY
93,2020-01-30 23:16:24,1223022177022144512,2021 https://t.co/gK2Afdurc8
94,2020-01-30 21:45:37,1222999332527362049,@LightningSats Sorta?
95,2020-01-30 21:44:15,1222998988208476161,üéá https://t.co/MTVYTz4k6d
96,2020-01-30 21:38:18,1222997488438657024,@VFLBEEZY I sent every single one of those to @kayvz
97,2020-01-30 21:38:01,1222997417718501376,All https://t.co/8jHqAMX08X
98,2020-01-30 21:37:28,1222997280585732097,@SassyIgboGirl Thank you
99,2020-01-30 21:36:57,1222997149878648832,@boo Nah
100,2020-01-30 21:36:51,1222997123584512000,@igb What is that number
101,2020-01-30 21:35:54,1222996888036622336,@doyle1020 Yes?
102,2020-01-30 21:35:43,1222996841672794113,@malcolmtyson ‚ù§Ô∏è
103,2020-01-30 21:35:29,1222996782474354689,@geoffkeighley Great! What do you follow?
104,2020-01-30 21:35:18,1222996734856454144,@NathalieKaoh I visit it every day
105,2020-01-30 21:34:58,1222996652069249024,@CrAzY_musicfan Agreed. Mute
106,2020-01-30 21:34:35,1222996553171783680,@marcus0alameda We use AI for this. Following helps it get better
107,2020-01-30 21:33:39,1222996320882839552,@kernicus ‚ù§Ô∏è
108,2020-01-30 21:33:13,1222996211403091968,@ADezzy6 Happy early one!
109,2020-01-30 21:32:57,1222996144864686081,@valsopi Then don‚Äôt follow any topics
110,2020-01-30 21:32:10,1222995944813129729,@csidetrader The point of this. You decide what topics you follow. And can refine it when you see tweets that don‚Äôt match.
111,2020-01-30 21:31:31,1222995781616930816,@wild50 I do
112,2020-01-30 20:48:20,1222984914892537856,Yes https://t.co/WuBWSJGxLY
113,2020-01-30 19:06:12,1222959212784836608,"RT @100Thieves: Announcing the 100 Thieves Half Million Halftime Show, presented by @CashApp.

2/2/20. 4 PM PT.
$500K Cash Pool.
Get your c‚Ä¶"
114,2020-01-30 18:30:28,1222950218603229184,‚ú® https://t.co/CF0RurEmsO
115,2020-01-30 02:34:47,1222709713525035008,@kayvz https://t.co/dhDl4tZu7n
116,2020-01-30 02:33:13,1222709322200666113,@kayvz WE YELLING ALL NIGHT?
117,2020-01-30 01:02:17,1222686435624374272,RT @NSF: See the Sun like never before! @NSF‚Äôs Inouye Solar Telescope produces first detailed images of the sun‚Äôs surface.  https://t.co/c3‚Ä¶
118,2020-01-29 20:03:46,1222611313748131841,RT @stlbizdbarr: Gates Foundation picks St. Louis as headquarters for new agriculture nonprofit https://t.co/gms6VHcZS7
119,2020-01-29 20:03:38,1222611277278629888,RT @BrundageMagic: Built this the other day @Lakers https://t.co/m8it2zPJ7b
120,2020-01-29 19:11:54,1222598260457558016,"RT @Policy: We want to help you access credible information, especially when it comes to public health.

We‚Äôve adjusted our search prompt i‚Ä¶"
121,2020-01-29 19:11:35,1222598177926180864,"RT @TwitterAsians: Happy #YearoftheRat!

How are you celebrating this Lunar New Year? üéá https://t.co/CSbobckNTf"
122,2020-01-29 03:30:24,1222361321720541184,"@kayvz For someone that wears a hoodie every day, this is comical. #pleaseverifyme"
123,2020-01-29 03:17:08,1222357985122377728,RT @patrickc: Improving access to opportunity and supporting geographic mobility are among the world's biggest challenges. We're running a‚Ä¶
124,2020-01-28 21:52:25,1222276268931969026,"RT @DSmoke7: Q: Your balance of confidence humility  and love shined bright throughout the show, making me an instant fan. What do you attr‚Ä¶"
125,2020-01-28 21:43:17,1222273968716955648,"RT @MartyBent: MONSTER ep this week. @matt_odell and I sat down w/ @TheBlueMatt + @vallywal of @sqcrypto to discuss:

- The LDK
- Why they‚Ä¶"
126,2020-01-28 21:35:29,1222272003740037120,RT @TwitterSupport: Do you know which third-party apps you‚Äôve authorized to access your account? Find out by selecting ‚ÄúAccount‚Äù &gt; ‚ÄúApps an‚Ä¶
127,2020-01-28 21:09:31,1222265470947999745,"Your balance of confidence humility  and love shined bright throughout the show, making me an instant fan. What do‚Ä¶ https://t.co/WSte4kRXAT"
128,2020-01-27 04:25:57,1221650527127138310,RT @LittleMissFlint: I turn 13 this year. She had her whole life ahead of her. My heart goes out to her family and her teammates family.
129,2020-01-26 04:08:43,1221283804083437568,@DezBryant Great meeting you sir!
130,2020-01-25 03:12:05,1220907160256667648,@Larakate K
131,2020-01-25 01:24:57,1220880199920713728,RT @dhof: byte's out https://t.co/9XcoEHqmpX
132,2020-01-25 01:21:52,1220879424523866113,@Larakate Up
133,2020-01-24 16:09:40,1220740459179282432,@leslieberland What day is it?
134,2020-01-22 19:12:52,1220061785895489536,Thanks for letting @CashApp be a part of this! https://t.co/gBKbeXrBSF
135,2020-01-22 00:10:40,1219774343988690944,Square Crypto is focusing on Lightning! ‚ö°Ô∏è https://t.co/boOiAAlLwc
136,2020-01-20 18:28:39,1219325885544902657,https://t.co/6Sn5C67Q1R
137,2020-01-18 19:47:33,1218620966068113408,@Julianna Love
138,2020-01-18 19:21:53,1218614505887789056,RT @ChineEzeks: Thanks mom @obyezeks for the @Twitter merch üß°. Denim jacket on trad is apparently a vibe #EzeksTwins ‚ö°Ô∏è‚ö°Ô∏è https://t.co/Wzpn‚Ä¶
139,2020-01-17 22:18:07,1218296469502869504,@kayvz Fixed it for you https://t.co/asnbhL84ch
140,2020-01-17 22:16:22,1218296025628020736,@kayvz So great. Would have been greater if you shared the link to song so we could all listen with you tho #edit
141,2020-01-17 21:36:05,1218285890822262785,@idojira Switching all the workday things to jira @jenchristiehr @Gleesonmg214
142,2020-01-17 20:56:22,1218275895036612608,At #oneteam @obyezeks updated our team that the 107 Chibokgirls who were rescued from terrorists are back and doing‚Ä¶ https://t.co/CaNXq6nSG2
143,2020-01-17 20:49:56,1218274274575695872,@Larakate Thanks Judi ‚ù§Ô∏è
144,2020-01-17 00:54:55,1217973540470841345,Feeling so proud and full of love #oneteam
145,2020-01-16 20:03:34,1217900220584996870,@leslysimmons Happy birthday Mia!
146,2020-01-16 20:02:30,1217899949817573377,"4,400 tweeps serving for 4 hours each today at 51 charities and organizations throughout Houston. 1,200 at the‚Ä¶ https://t.co/T415hmMwOD"
147,2020-01-16 17:38:49,1217863790949228544,#oneteam ‚Å¶@HoustonFoodBank‚Å© https://t.co/XPP4qfKHNs
148,2020-01-16 17:01:18,1217854351911329794,"I met @LittleMissFlint, I‚Äôm never going to fail! My future President. #oneteam https://t.co/7ZP9kCcUJg"
149,2020-01-16 05:36:19,1217681970412621825,"RT @WhereIsTach: I got loyalty, got royalty inside my DNA https://t.co/p2KFN7xCsC"
150,2020-03-01 12:27:40,1234092941741830144,RT @Reuters: U.S. Democrats want Russia sanctions over 2020 election interference https://t.co/KILhNve1AD https://t.co/8cXb96IZ5p
151,2020-03-01 12:25:43,1234092453411594240,"RT @vexedvixen17: üá∫üá∏ I May Sometimes Be Disgruntled By A Few Of President Trump's Decisions. Make No Mistake About It..I Love POTUS, &amp; Supp‚Ä¶"
152,2020-03-01 12:23:24,1234091869388361730,"RT @BBCBweaking: 0w0 Tom Steyew to end pwesidentiaw campaign ;3
https://t.co/rv8Wym4bNp"
153,2020-03-01 12:20:17,1234091085439406080,RT @sxdoc: Every election year has a diseaseSARS ‚Äî‚Äî‚Äî2004AVIAN‚Äî‚Äî‚Äî2008SWINE‚Äî‚Äî‚Äî2010MERS‚Äî‚Äî‚Äî-2012EBOLA‚Äî‚Äî‚Äî2014ZIKA‚Äî‚Äî‚Äî‚Äî2016EBOLA‚Äî‚Äî‚Äî2018COR‚Ä¶
154,2020-03-01 12:15:20,1234089840804757504,RT @sxdoc: Every election year has a diseaseSARS ‚Äî‚Äî‚Äî2004AVIAN‚Äî‚Äî‚Äî2008SWINE‚Äî‚Äî‚Äî2010MERS‚Äî‚Äî‚Äî-2012EBOLA‚Äî‚Äî‚Äî2014ZIKA‚Äî‚Äî‚Äî‚Äî2016EBOLA‚Äî‚Äî‚Äî2018COR‚Ä¶
155,2020-03-01 12:12:49,1234089203664687104,"RT @vexedvixen17: üá∫üá∏ I May Sometimes Be Disgruntled By A Few Of President Trump's Decisions. Make No Mistake About It..I Love POTUS, &amp; Supp‚Ä¶"
156,2020-03-01 12:09:51,1234088459276627970,RT @sxdoc: Every election year has a diseaseSARS ‚Äî‚Äî‚Äî2004AVIAN‚Äî‚Äî‚Äî2008SWINE‚Äî‚Äî‚Äî2010MERS‚Äî‚Äî‚Äî-2012EBOLA‚Äî‚Äî‚Äî2014ZIKA‚Äî‚Äî‚Äî‚Äî2016EBOLA‚Äî‚Äî‚Äî2018COR‚Ä¶
157,2020-03-01 12:05:22,1234087332501954560,"""After Biden's South Carolina Win, Democrats Head to Alabama to Commemorate Civil Rights March"" by Reuters via NYT https://t.co/GDTqB7JJvD"
158,2020-03-01 11:59:36,1234085880383623168,God bless the USA and God Bless Donald Trump we will take this election this 2020 https://t.co/Sjw3mgfCAp
159,2020-03-01 11:58:02,1234085483275149312,Factbox: Seven Democrats still in the fight for U.S. presidential nomination https://t.co/pCA1FgZ4Ua https://t.co/SeIzaBh7FD
160,2020-03-01 11:56:11,1234085020094124032,RT @sxdoc: Every election year has a diseaseSARS ‚Äî‚Äî‚Äî2004AVIAN‚Äî‚Äî‚Äî2008SWINE‚Äî‚Äî‚Äî2010MERS‚Äî‚Äî‚Äî-2012EBOLA‚Äî‚Äî‚Äî2014ZIKA‚Äî‚Äî‚Äî‚Äî2016EBOLA‚Äî‚Äî‚Äî2018COR‚Ä¶
161,2020-03-01 11:51:07,1234083744161681408,"""Sanders Raised $46.5 Million in February, Makes Ad Buys for States Beyond Super Tuesday"" by Reuters via NYT https://t.co/9mITijJniM"
162,2020-03-01 11:51:07,1234083742903341062,"""After Biden's South Carolina Win, Democrats Head to Alabama to Commemorate Civil Rights March"" by Reuters via NYT https://t.co/gNpYZGVIWK"
163,2020-03-01 11:49:16,1234083279617318912,RT @happysnarkygal2: Environmentalist Tom Steyer ends 2020 Democratic presidential bid - Reuters https://t.co/RACuU477D3
164,2020-03-01 11:48:53,1234083184238825472,"RT @Reuters: Billionaire Tom Steyer, who spent big in South Carolina, drops out of the 2020 nomination race https://t.co/RTFckpsD03 https:/‚Ä¶"
165,2020-03-01 11:47:15,1234082772668559360,https://t.co/cXHkoAryhA
166,2020-03-01 11:47:04,1234082723431669760,"""Sanders Raised $46.5 Million in February, Makes Ad Buys for States Beyond Super Tuesday"" by Reuters via NYT https://t.co/rPNc42HCU3"
167,2020-03-01 11:46:35,1234082601830244354,"RT @TrumanKelly: Morales election victory was legitimate.

USA coup in Bolivia was illegal.

Will he be reinstated as the legitimate Presid‚Ä¶"
168,2020-03-01 11:46:11,1234082504954589185,Environmentalist Tom Steyer ends 2020 Democratic presidential bid https://t.co/nHu2vRjFeU
169,2020-03-01 11:39:28,1234080812909432840,"RT @TrumanKelly: Morales election victory was legitimate.

USA coup in Bolivia was illegal.

Will he be reinstated as the legitimate Presid‚Ä¶"
170,2020-03-01 11:38:11,1234080491676086272,"""Sanders Raised $46.5 Million in February, Makes Ad Buys for States Beyond Super Tuesday"" by Reuters via NYT https://t.co/NzC8D56odT"
171,2020-03-01 11:37:53,1234080415616552962,"Morales election victory was legitimate.

USA coup in Bolivia was illegal.

Will he be reinstated as the legitimate‚Ä¶ https://t.co/MmttzBybLV"
172,2020-03-01 11:32:18,1234079010046578688,RT @happysnarkygal2: Environmentalist Tom Steyer ends 2020 Democratic presidential bid - Reuters https://t.co/RACuU477D3
173,2020-03-01 11:32:11,1234078977725214720,"""After Biden's South Carolina Win, Democrats Head to Alabama to Commemorate Civil Rights March"" by Reuters via NYT https://t.co/PrZYQNhzaz"
174,2020-03-01 11:31:53,1234078903368638465,RT @happysnarkygal2: Environmentalist Tom Steyer ends 2020 Democratic presidential bid - Reuters https://t.co/RACuU477D3
175,2020-03-01 11:30:33,1234078567614603264,RT @Reuters: Environmentalist Tom Steyer ends 2020 Democratic presidential bid: CNN https://t.co/0SWISk0mYo https://t.co/18Xl4uyRqH
176,2020-03-01 11:29:21,1234078264643158017,RT @ReutersPolitics: Factbox: Seven Democrats still in the fight for U.S. presidential nomination https://t.co/sMQJnG4m9d https://t.co/B74d‚Ä¶
177,2020-03-01 11:28:33,1234078066500100096,Environmentalist Tom Steyer ends 2020 Democratic presidential bid - Reuters https://t.co/RACuU477D3
178,2020-03-01 11:26:24,1234077523492761602,RT @sxdoc: Every election year has a diseaseSARS ‚Äî‚Äî‚Äî2004AVIAN‚Äî‚Äî‚Äî2008SWINE‚Äî‚Äî‚Äî2010MERS‚Äî‚Äî‚Äî-2012EBOLA‚Äî‚Äî‚Äî2014ZIKA‚Äî‚Äî‚Äî‚Äî2016EBOLA‚Äî‚Äî‚Äî2018COR‚Ä¶
179,2020-03-01 11:19:09,1234075697892798464,"""Sanders Raised $46.5 Million in February, Makes Ad Buys for States Beyond Super Tuesday"" by Reuters via NYT https://t.co/q7QVP897T0"
180,2020-03-01 11:16:40,1234075075730722816,RT @sxdoc: Every election year has a diseaseSARS ‚Äî‚Äî‚Äî2004AVIAN‚Äî‚Äî‚Äî2008SWINE‚Äî‚Äî‚Äî2010MERS‚Äî‚Äî‚Äî-2012EBOLA‚Äî‚Äî‚Äî2014ZIKA‚Äî‚Äî‚Äî‚Äî2016EBOLA‚Äî‚Äî‚Äî2018COR‚Ä¶
181,2020-03-01 11:08:53,1234073116000653313,RT @Reuters: Factbox: Seven Democrats still in the fight for U.S. presidential nomination https://t.co/RofEt3ZcTh https://t.co/M4C11d6k2M
182,2020-03-01 11:00:15,1234070943946899461,RT @sxdoc: Every election year has a diseaseSARS ‚Äî‚Äî‚Äî2004AVIAN‚Äî‚Äî‚Äî2008SWINE‚Äî‚Äî‚Äî2010MERS‚Äî‚Äî‚Äî-2012EBOLA‚Äî‚Äî‚Äî2014ZIKA‚Äî‚Äî‚Äî‚Äî2016EBOLA‚Äî‚Äî‚Äî2018COR‚Ä¶
183,2020-03-01 10:48:58,1234068104591937537,"USA election 2020 looks like a rerun of BoJo vs Corby, but....

x10

Hadn't realised Bernie is much further left th‚Ä¶ https://t.co/T7oqtObBDB"
184,2020-03-01 10:47:28,1234067726408278016,"@texan_maga @MADE__USA @POTUS Truth be known, the #Democrats have been plotting for a way to cheat in the 2020 Pres‚Ä¶ https://t.co/PtTotgdiYo"
185,2020-03-01 10:47:01,1234067612650348544,RT @Reuters: Factbox: Seven Democrats still in the fight for U.S. presidential nomination https://t.co/RofEt3ZcTh https://t.co/M4C11d6k2M
186,2020-03-01 10:44:09,1234066892211576833,"RT @willdizard: Glad to see Star Trek in USA Today, but have to say this is not the right episode analogy. 

The correct episode is Devil's‚Ä¶"
187,2020-03-01 10:38:01,1234065346191142914,"RT @Reuters: Now that Tom Steyer has dropped out of the 2020 race, who's left in the running? Track how the remaining candidates are faring‚Ä¶"
188,2020-03-01 10:37:20,1234065178133778432,"RT @willdizard: Glad to see Star Trek in USA Today, but have to say this is not the right episode analogy. 

The correct episode is Devil's‚Ä¶"
189,2020-03-01 10:36:08,1234064875795578880,RT @sxdoc: Every election year has a diseaseSARS ‚Äî‚Äî‚Äî2004AVIAN‚Äî‚Äî‚Äî2008SWINE‚Äî‚Äî‚Äî2010MERS‚Äî‚Äî‚Äî-2012EBOLA‚Äî‚Äî‚Äî2014ZIKA‚Äî‚Äî‚Äî‚Äî2016EBOLA‚Äî‚Äî‚Äî2018COR‚Ä¶
190,2020-03-01 10:35:00,1234064587194064896,RT @Reuters: Factbox: Seven Democrats still in the fight for U.S. presidential nomination https://t.co/RofEt3ZcTh https://t.co/M4C11d6k2M
191,2020-03-01 10:30:09,1234063366781427715,RT @Reuters: Environmentalist Tom Steyer ends 2020 Democratic presidential bid: CNN https://t.co/0SWISk0mYo https://t.co/18Xl4uyRqH
192,2020-03-01 10:22:49,1234061522655154176,"RT @texan_maga: .@POTUS 

Can‚Äôt win ..so they will cheat 
Is this how they will try steal the 2020
Election
 https://t.co/JlwGLYNpi2"
193,2020-03-01 10:17:11,1234060105743831041,RT @sxdoc: Every election year has a diseaseSARS ‚Äî‚Äî‚Äî2004AVIAN‚Äî‚Äî‚Äî2008SWINE‚Äî‚Äî‚Äî2010MERS‚Äî‚Äî‚Äî-2012EBOLA‚Äî‚Äî‚Äî2014ZIKA‚Äî‚Äî‚Äî‚Äî2016EBOLA‚Äî‚Äî‚Äî2018COR‚Ä¶
194,2020-03-01 10:14:49,1234059510785855488,RT @sxdoc: Every election year has a diseaseSARS ‚Äî‚Äî‚Äî2004AVIAN‚Äî‚Äî‚Äî2008SWINE‚Äî‚Äî‚Äî2010MERS‚Äî‚Äî‚Äî-2012EBOLA‚Äî‚Äî‚Äî2014ZIKA‚Äî‚Äî‚Äî‚Äî2016EBOLA‚Äî‚Äî‚Äî2018COR‚Ä¶
195,2020-03-01 10:13:46,1234059245898936322,RT @sxdoc: Every election year has a diseaseSARS ‚Äî‚Äî‚Äî2004AVIAN‚Äî‚Äî‚Äî2008SWINE‚Äî‚Äî‚Äî2010MERS‚Äî‚Äî‚Äî-2012EBOLA‚Äî‚Äî‚Äî2014ZIKA‚Äî‚Äî‚Äî‚Äî2016EBOLA‚Äî‚Äî‚Äî2018COR‚Ä¶
196,2020-03-01 10:10:08,1234058331490308096,"Glad to see Star Trek in USA Today, but have to say this is not the right episode analogy. 

The correct episode is‚Ä¶ https://t.co/MuKmga1j53"
197,2020-03-01 10:07:02,1234057550926155776,RT @Reuters: Environmentalist Tom Steyer ends 2020 Democratic presidential bid: CNN https://t.co/0SWISk0mYo https://t.co/18Xl4uyRqH
198,2020-03-01 10:06:01,1234057297153986560,RT @Reuters: Factbox: Seven Democrats still in the fight for U.S. presidential nomination https://t.co/uQmrlSMj6d https://t.co/tffdZ5N83O
199,2020-03-01 10:05:11,1234057084263686145,RT @sxdoc: Every election year has a diseaseSARS ‚Äî‚Äî‚Äî2004AVIAN‚Äî‚Äî‚Äî2008SWINE‚Äî‚Äî‚Äî2010MERS‚Äî‚Äî‚Äî-2012EBOLA‚Äî‚Äî‚Äî2014ZIKA‚Äî‚Äî‚Äî‚Äî2016EBOLA‚Äî‚Äî‚Äî2018COR‚Ä¶
200,2020-03-01 10:03:05,1234056557937254403,"RT @vexedvixen17: üá∫üá∏ I May Sometimes Be Disgruntled By A Few Of President Trump's Decisions. Make No Mistake About It..I Love POTUS, &amp; Supp‚Ä¶"
201,2020-03-01 10:00:32,1234055913352450048,RT @sxdoc: Every election year has a diseaseSARS ‚Äî‚Äî‚Äî2004AVIAN‚Äî‚Äî‚Äî2008SWINE‚Äî‚Äî‚Äî2010MERS‚Äî‚Äî‚Äî-2012EBOLA‚Äî‚Äî‚Äî2014ZIKA‚Äî‚Äî‚Äî‚Äî2016EBOLA‚Äî‚Äî‚Äî2018COR‚Ä¶
202,2020-03-01 09:42:22,1234051343691550720,RT @Reuters: Factbox: Seven Democrats still in the fight for U.S. presidential nomination https://t.co/RofEt3ZcTh https://t.co/M4C11d6k2M
203,2020-03-01 09:41:35,1234051147549331456,RT @sxdoc: Every election year has a diseaseSARS ‚Äî‚Äî‚Äî2004AVIAN‚Äî‚Äî‚Äî2008SWINE‚Äî‚Äî‚Äî2010MERS‚Äî‚Äî‚Äî-2012EBOLA‚Äî‚Äî‚Äî2014ZIKA‚Äî‚Äî‚Äî‚Äî2016EBOLA‚Äî‚Äî‚Äî2018COR‚Ä¶
204,2020-03-01 09:40:54,1234050973976281088,RT @sxdoc: Every election year has a diseaseSARS ‚Äî‚Äî‚Äî2004AVIAN‚Äî‚Äî‚Äî2008SWINE‚Äî‚Äî‚Äî2010MERS‚Äî‚Äî‚Äî-2012EBOLA‚Äî‚Äî‚Äî2014ZIKA‚Äî‚Äî‚Äî‚Äî2016EBOLA‚Äî‚Äî‚Äî2018COR‚Ä¶
205,2020-03-01 09:36:38,1234049902021357568,"Sanders Presidency Could Start With U.S. Jobs Program, Then Scale Up https://t.co/C74F7adsU5"
206,2020-03-01 09:30:29,1234048351429156865,Factbox: Seven Democrats still in the fight for U.S. presidential nomination https://t.co/sMQJnG4m9d https://t.co/B74dJViCTg
207,2020-03-01 09:28:41,1234047897835995138,Factbox: Seven Democrats still in the fight for U.S. presidential nomination - Reuters https://t.co/oYQQTjGSlU via @skinnergj
208,2020-03-01 09:28:19,1234047807658422272,RT @nymets22: 100s of DEAD voters still registered for 2020 election in Pennsylvania ‚Äì lawsuit https://t.co/Hhe66LxLv5 https://t.co/r64lfSW‚Ä¶
209,2020-03-01 09:19:30,1234045587626041344,US election 2020: What are primaries and caucuses and how do they work? #USA  https://t.co/iJj7nmBmd5
210,2020-03-01 09:19:22,1234045557217382401,Factbox: Seven Democrats still in the fight for U.S. presidential nomination | Article [AMP] | Reuters https://t.co/3RQAxtdSSF
211,2020-03-01 09:18:55,1234045442847059968,RT @Reuters: Factbox: Seven Democrats still in the fight for U.S. presidential nomination https://t.co/RofEt3ZcTh https://t.co/M4C11d6k2M
212,2020-03-01 09:16:05,1234044728166928384,100s of DEAD voters still registered for 2020 election in Pennsylvania ‚Äì lawsuit https://t.co/Hhe66LxLv5 https://t.co/r64lfSW8kX
213,2020-03-01 09:14:56,1234044438021902336,RT @sxdoc: Every election year has a diseaseSARS ‚Äî‚Äî‚Äî2004AVIAN‚Äî‚Äî‚Äî2008SWINE‚Äî‚Äî‚Äî2010MERS‚Äî‚Äî‚Äî-2012EBOLA‚Äî‚Äî‚Äî2014ZIKA‚Äî‚Äî‚Äî‚Äî2016EBOLA‚Äî‚Äî‚Äî2018COR‚Ä¶
214,2020-03-01 09:14:27,1234044318240907265,RT @Reuters: Factbox: Seven Democrats still in the fight for U.S. presidential nomination https://t.co/uQmrlSMj6d https://t.co/tffdZ5N83O
215,2020-03-01 09:14:23,1234044303003045889,RT @Reuters: Factbox: Seven Democrats still in the fight for U.S. presidential nomination https://t.co/RofEt3ZcTh https://t.co/M4C11d6k2M
216,2020-03-01 09:11:05,1234043471129927681,"Israel in limbo as weary voters go to polls for third time in year https://t.co/10xGmEZXHJ
Decent Israeli citizens‚Ä¶ https://t.co/UugZ9k90Ku"
217,2020-03-01 09:06:47,1234042388932259842,RT @sxdoc: Every election year has a diseaseSARS ‚Äî‚Äî‚Äî2004AVIAN‚Äî‚Äî‚Äî2008SWINE‚Äî‚Äî‚Äî2010MERS‚Äî‚Äî‚Äî-2012EBOLA‚Äî‚Äî‚Äî2014ZIKA‚Äî‚Äî‚Äî‚Äî2016EBOLA‚Äî‚Äî‚Äî2018COR‚Ä¶
218,2020-03-01 09:06:38,1234042352672464896,RT @Reuters: Factbox: Seven Democrats still in the fight for U.S. presidential nomination https://t.co/RofEt3ZcTh https://t.co/M4C11d6k2M
219,2020-03-01 09:06:35,1234042337493471234,"South #Carolina 2020 #Primary: Live Results

@JoeBiden 48%! Congratulations to @TeamJoe

#USA
#PoliticsLive

 https://t.co/8u5kyHuK8L"
220,2020-03-01 09:05:32,1234042073952608257,Environmentalist Tom Steyer ends 2020 Democratic presidential bid https://t.co/3rgxNbJuYH https://t.co/TQytuJ63qJ
221,2020-03-01 09:03:27,1234041550067253253,RT @Reuters: Factbox: Seven Democrats still in the fight for U.S. presidential nomination https://t.co/uQmrlSMj6d https://t.co/tffdZ5N83O
222,2020-03-01 09:01:21,1234041022180741120,"RT @vexedvixen17: üá∫üá∏ I May Sometimes Be Disgruntled By A Few Of President Trump's Decisions. Make No Mistake About It..I Love POTUS, &amp; Supp‚Ä¶"
223,2020-03-01 08:58:41,1234040351532281856,RT @Reuters: Environmentalist Tom Steyer ends 2020 Democratic presidential bid: CNN https://t.co/0SWISk0mYo https://t.co/18Xl4uyRqH
224,2020-03-01 08:58:22,1234040270955507712,"""Joe Biden Got His South Carolina Comeback. Will It Be Enough?"" by Reuters via NYT https://t.co/Ufr2BYWqFB"
225,2020-03-01 08:58:20,1234040260469968896,"""Factbox: Seven Democrats Still in the Fight for U.S. Presidential Nomination"" by Reuters via NYT https://t.co/dIsK2U7ZDs"
226,2020-03-01 08:57:37,1234040081259941888,RT @sxdoc: Every election year has a diseaseSARS ‚Äî‚Äî‚Äî2004AVIAN‚Äî‚Äî‚Äî2008SWINE‚Äî‚Äî‚Äî2010MERS‚Äî‚Äî‚Äî-2012EBOLA‚Äî‚Äî‚Äî2014ZIKA‚Äî‚Äî‚Äî‚Äî2016EBOLA‚Äî‚Äî‚Äî2018COR‚Ä¶
227,2020-03-01 08:56:44,1234039859272089600,RT @Reuters: Factbox: Seven Democrats still in the fight for U.S. presidential nomination https://t.co/uQmrlSMj6d https://t.co/tffdZ5N83O
228,2020-03-01 08:56:29,1234039795824898048,RT @Reuters: Environmentalist Tom Steyer ends 2020 Democratic presidential bid: CNN https://t.co/0SWISk0mYo https://t.co/18Xl4uyRqH
229,2020-03-01 08:55:02,1234039429561380864,Seven Democrats still in the fight for U.S. presidential... https://t.co/tKCpiIZeQ7
230,2020-03-01 08:54:23,1234039270135955457,RT @Reuters: Factbox: Seven Democrats still in the fight for U.S. presidential nomination https://t.co/uQmrlSMj6d https://t.co/tffdZ5N83O
231,2020-03-01 08:54:07,1234039202393796610,RT @Reuters: Factbox: Seven Democrats still in the fight for U.S. presidential nomination https://t.co/uQmrlSMj6d https://t.co/tffdZ5N83O
232,2020-03-01 08:53:25,1234039023938629634,RT @Reuters: Factbox: Seven Democrats still in the fight for U.S. presidential nomination https://t.co/uQmrlSMj6d https://t.co/tffdZ5N83O
233,2020-03-01 08:51:20,1234038501991165952,RT @Reuters: Factbox: Seven Democrats still in the fight for U.S. presidential nomination https://t.co/uQmrlSMj6d https://t.co/tffdZ5N83O
234,2020-03-01 08:49:57,1234038151334809600,RT @Reuters: Factbox: Seven Democrats still in the fight for U.S. presidential nomination https://t.co/uQmrlSMj6d https://t.co/tffdZ5N83O
235,2020-03-01 08:49:41,1234038085375016963,RT @Reuters: Factbox: Seven Democrats still in the fight for U.S. presidential nomination https://t.co/uQmrlSMj6d https://t.co/tffdZ5N83O
236,2020-03-01 08:49:06,1234037939769753602,RT @Reuters: Factbox: Seven Democrats still in the fight for U.S. presidential nomination https://t.co/uQmrlSMj6d https://t.co/tffdZ5N83O
237,2020-03-01 08:48:45,1234037850850480128,RT @Reuters: Factbox: Seven Democrats still in the fight for U.S. presidential nomination https://t.co/RofEt3ZcTh https://t.co/M4C11d6k2M
238,2020-03-01 08:47:36,1234037560755806208,RT @Reuters: Factbox: Seven Democrats still in the fight for U.S. presidential nomination https://t.co/uQmrlSMj6d https://t.co/tffdZ5N83O
239,2020-03-01 08:47:14,1234037469152194560,RT @Reuters: Factbox: Seven Democrats still in the fight for U.S. presidential nomination https://t.co/uQmrlSMj6d https://t.co/tffdZ5N83O
240,2020-03-01 08:47:10,1234037452538384384,RT @Reuters: Factbox: Seven Democrats still in the fight for U.S. presidential nomination https://t.co/RofEt3ZcTh https://t.co/M4C11d6k2M
241,2020-03-01 08:46:52,1234037375572955136,"RT @vexedvixen17: üá∫üá∏ I May Sometimes Be Disgruntled By A Few Of President Trump's Decisions. Make No Mistake About It..I Love POTUS, &amp; Supp‚Ä¶"
242,2020-03-01 08:46:51,1234037370883698688,RT @Reuters: Factbox: Seven Democrats still in the fight for U.S. presidential nomination https://t.co/uQmrlSMj6d https://t.co/tffdZ5N83O
243,2020-03-01 08:46:35,1234037307184779264,RT @Reuters: Factbox: Seven Democrats still in the fight for U.S. presidential nomination https://t.co/uQmrlSMj6d https://t.co/tffdZ5N83O
244,2020-03-01 08:46:14,1234037215807799299,"""Factbox: Seven Democrats Still in the Fight for U.S. Presidential Nomination"" by Reuters via NYT https://t.co/0jAVWR0HoW"
245,2020-03-01 08:46:01,1234037161294532608,RT @Reuters: Factbox: Seven Democrats still in the fight for U.S. presidential nomination https://t.co/RofEt3ZcTh https://t.co/M4C11d6k2M
246,2020-03-01 08:45:59,1234037153417445376,RT @Reuters: Factbox: Seven Democrats still in the fight for U.S. presidential nomination https://t.co/uQmrlSMj6d https://t.co/tffdZ5N83O
247,2020-03-01 08:45:32,1234037041622659072,Factbox: Seven Democrats still in the fight for U.S. presidential nomination https://t.co/uQmrlSMj6d https://t.co/tffdZ5N83O
248,2020-03-01 08:44:34,1234036798009094145,RT @Reuters: Factbox: Seven Democrats still in the fight for U.S. presidential nomination https://t.co/RofEt3ZcTh https://t.co/M4C11d6k2M
249,2020-03-01 08:42:35,1234036296915374080,RT @Reuters: Factbox: Seven Democrats still in the fight for U.S. presidential nomination https://t.co/RofEt3ZcTh https://t.co/M4C11d6k2M
250,2020-03-01 12:15:23,1234089852909408256,"Parrot with clipped wings in Australia gets second chance to fly.
https://t.co/Jj8lVvREHq https://t.co/1585JAZ53X"
251,2020-03-01 12:08:17,1234088065779392512,#Update | Death toll in #DelhiViolence rises to 46. Three bodies have been recovered today. One from a canal in Gok‚Ä¶ https://t.co/IMcK976TfI
252,2020-03-01 11:49:39,1234083376631468032,"Chhattisgarh school teacher rapes 13-year-old, forces abortion: Police
https://t.co/IGRkjXwccU https://t.co/6dCHNQFszp"
253,2020-03-01 11:44:05,1234081975314481157,"In heart of Kolkata, ""goli maaro"" slogan at Amit Shah rally.

Read more here: https://t.co/esmjegAdcF https://t.co/NIVxgE48ob"
254,2020-03-01 11:43:08,1234081733659807744,"After #DelhiViolence, Amit Shah says Mamata Banerjee ""triggering riots"".

Read more here: https://t.co/S7LOb9Ah0t https://t.co/NWquWUsD2K"
255,2020-03-01 11:42:16,1234081518550683650,"After Maharashtra, Madhya Pradesh preps education quota for Muslims.

Read more here: https://t.co/Ub3Wd1lpVJ https://t.co/NVmMNAjGsO"
256,2020-03-01 11:33:19,1234079266184126464,"In heart of Kolkata, ""goli maaro"" slogan at Amit Shah rally.
https://t.co/esmjegAdcF https://t.co/IRtHae7CBS"
257,2020-03-01 11:31:01,1234078687256932352,"Top stories now on https://t.co/Fbzw6mR9Q5 

#NDTVTopStories https://t.co/RXCbM1y74u"
258,2020-03-01 11:22:01,1234076419958816768,"Fire breaks out at ITO's Azad Bhawan in Delhi.
https://t.co/iOz84eIiCQ https://t.co/z6i1AI7cmL"
259,2020-03-01 11:12:00,1234073899756687360,"RT @CricketNDTV: India opening batsman Rohit Sharma travelled to Madrid to watch El Clasico, to be played on Sunday

#ElClassico
#RMFCB
#Ro‚Ä¶"
260,2020-03-01 11:09:31,1234073276424417280,"Over 160 rapes reported on railway premises, trains from 2017-2019.
https://t.co/IufiOjGF0P https://t.co/yWZz4wjO5g"
261,2020-03-01 11:08:45,1234073082899206144,RT @carandbike: We get our hands on the all-new @AudiIN #A8 L that's been recently launched in India. Read our review here. @sparashar777‚Ä¶
262,2020-03-01 11:04:38,1234072045337464836,"RT @CricketNDTV: Shashikala Siriwardene is bringing the curtains down on a 17-year long career

#T20WorldCup
#WT20WC

https://t.co/RwAtNmew‚Ä¶"
263,2020-03-01 10:43:48,1234066803107610624,"#JustIn | ""Goli maaro"" (shoot them) slogans raised at BJP procession in Kolkata where Union Home Minister Amit Shah‚Ä¶ https://t.co/4GWz7yY7iI"
264,2020-03-01 10:30:46,1234063523082145795,"Top stories now on https://t.co/Fbzw6mR9Q5 

#NDTVTopStories https://t.co/PXvRF5SAkp"
265,2020-03-01 10:22:57,1234061554859085824,Pope Francis Expels Kerala Priest Jailed For Raping 16-Year-Old Girl https://t.co/WbSQxbQgF4 #NDTVNewsBeeps https://t.co/WNkD72prxb
266,2020-03-01 10:11:45,1234058736832040960,"In Bengal Campaign Launch, Amit Shah Uses CAA To Target Mamata Banerjee https://t.co/S7LOb9Ah0t #NDTVNewsBeeps https://t.co/OlzlSmsinM"
267,2020-03-01 09:46:26,1234052368687255553,"In Bengal campaign launch, Amit Shah uses #CitizenshipAmendmentAct to target Mamata Banerjee.‚Ä¶ https://t.co/4kMXCjlZvl"
268,2020-03-01 09:44:17,1234051824627286016,"RT @Sports_NDTV: #RafaelNadal easily defeated unseeded #TaylorFritz in straight sets, 6-3, 6-2, in the final of the #MexicoOpen

#Acapulco‚Ä¶"
269,2020-03-01 09:43:54,1234051728472825856,"No books, admit cards, say CBSE students from violence-hit areas in Delhi.
https://t.co/yvW0mBWlWl https://t.co/lVqMVWlGPN"
270,2020-03-01 09:41:21,1234051087679623168,"RT @CricketNDTV: New Zealand successfully kept the dangerous Virat Kohli quiet throughout the Test series, as the India skipper failed to r‚Ä¶"
271,2020-03-01 09:39:39,1234050658522816514,"Deadly #coronavirus infects over 87,000 in 60 countries.
https://t.co/EoV7RYagGu https://t.co/qcHuRibPoc"
272,2020-03-01 09:31:59,1234048728467562496,"Home Minister Amit Shah launches BJP's 'Aar Noi Annay' (no more injustice) campaign in West Bengal. (PTI) 

More on‚Ä¶ https://t.co/TuRgQTuPSX"
273,2020-03-01 09:30:49,1234048435491307521,"Watch live: Union Home Minister Amit Shah addresses rally in Kolkata, West Bengal 

More on https://t.co/Fbzw6n8LeF‚Ä¶ https://t.co/eRy4gLUCOY"
274,2020-03-01 09:30:30,1234048357653344256,"Top stories now on https://t.co/Fbzw6mR9Q5 

#NDTVTopStories https://t.co/PH7QfIvzhp"
275,2020-03-01 09:18:21,1234045301071106048,"Police case filed after ""anti-India posters"" seen in 2 Kerala colleges.
https://t.co/AMLtTc0eIv https://t.co/Ma0Dz3SfPw"
276,2020-03-01 09:10:17,1234043270348582913,"#Watch | Help claim too late, claim the residents of N-E Delhi's Shiv Vihar. Worst affected in the clashes, the are‚Ä¶ https://t.co/yGezHO29Cr"
277,2020-03-01 09:06:51,1234042403931279360,"Board exams in violence-hit northeast #Delhi from March 2: CBSE

Read more here: https://t.co/C9WoxOoqwK https://t.co/rWbQIdxxuA"
278,2020-03-01 08:57:05,1234039946484178945,Indian-origin UK Home Secretary Priti Patel urged to react to bullying claims: report. https://t.co/7pHpaClVW1 https://t.co/MgYc3qkjUn
279,2020-03-01 08:55:43,1234039602605748225,"Congress to raise #DelhiViolence, alleged police inaction in parliament. https://t.co/tNdpBbze9j https://t.co/5KiBb0VD5h"
280,2020-03-01 08:53:20,1234039003441070081,"#Watch | BSF offers to repair trooper's home set ablaze during #DelhiViolence. 

Read here: https://t.co/VnIeDdcK2c https://t.co/fqXsCHlnxy"
281,2020-03-01 08:46:32,1234037293607841793,"Under PM Modi, country has ""pro-active defence policy"" says Amit Shah. https://t.co/ZVNOXdz7GI https://t.co/HGphGYNpus"
282,2020-03-01 08:44:25,1234036758137819136,"RT @CricketNDTV: India pace spearhead Jasprit Bumrah doesn't want to indulge in a ""blame game"" which he believes is an exercise in futility‚Ä¶"
283,2020-03-01 08:39:52,1234035612723732485,"Left parties protest in #Kolkata against Union Home Minister Amit Shah's visit to the city today.

(Images: CPI_Wes‚Ä¶ https://t.co/xEds3ZVrew"
284,2020-03-01 08:30:15,1234033193893822464,"Top stories now on https://t.co/Fbzw6mR9Q5 

#NDTVTopStories https://t.co/fLF1nmYv46"
285,2020-03-01 08:26:25,1234032231594614784,Pope Francis expels Kerala priest jailed for raping 16-year-old girl. https://t.co/WbSQxc7RwC https://t.co/UyD8iWKPDV
286,2020-03-01 08:25:07,1234031901188349952,Thailand reports first #coronavirus death. https://t.co/OwWvhrZymi https://t.co/DwcY2WkJli
287,2020-03-01 08:12:40,1234028768240394241,Man arrested for selling Marijuana chocolates in Hyderabad. https://t.co/y3HhjEkj5E https://t.co/AqCIlBQko7
288,2020-03-01 08:11:25,1234028455143993346,"Afghanistan did not commit to free 5,000 Taliban prisoners: Ashraf Ghani. https://t.co/HVOnstVD3p https://t.co/OV3vzLAPR7"
289,2020-03-01 08:10:17,1234028170182983681,Uddhav Thackeray's wife named editor of Sena mouthpiece Saamana. https://t.co/VRtbUNJYcR https://t.co/Gj4PchYXBE
290,2020-03-01 08:08:46,1234027789394644992,"Judicial custody of woman charged for ""Pakistan Zindabad"" slogan extended till March 5. https://t.co/hlHMocXhOz https://t.co/bkOaglJtFJ"
291,2020-03-01 08:06:35,1234027238066016256,"#JustIn | 3 killed over #CAA meet in #Meghalaya; curfew continues in parts of #Shillong. 

#CitizenshipLaw‚Ä¶ https://t.co/bYHOeQW4jE"
292,2020-03-01 08:04:11,1234026634245656577,"RT @CricketNDTV: Virat Kohli was all charged up as India bowled out New Zealand for 235 on Day 2 of the second Test

#ViratKohli
#NZvsIND #‚Ä¶"
293,2020-03-01 08:02:19,1234026164047372289,RT @carandbike: .@Maruti_Corp has witnessed a decline in domestic sales despite the mini and UV segment recording positive growth. Details‚Ä¶
294,2020-03-01 07:53:18,1234023894886965248,RT @CricketNDTV: #RavindraJadeja produced a mind-boggling effort at deep square leg to remove Neil Wagner on Day 2 of the New Zealand vs In‚Ä¶
295,2020-03-01 07:50:26,1234023175182118912,"In letter to High Court, Kafeel Khan's wife alleges threat to his life. https://t.co/v9kDZm0ktd https://t.co/h1du4EFMmM"
296,2020-03-01 07:29:48,1234017981782315008,"Top stories now on https://t.co/Fbzw6mR9Q5 

#NDTVTopStories https://t.co/EJZpJsE0mF"
297,2020-03-01 07:01:10,1234010775280160769,RT @Sports_NDTV: #Barcelona responded to #ThibautCourtois' comments about #LionelMessi by posting a brilliant video on their Twitter handle‚Ä¶
298,2020-03-01 06:58:26,1234010087301058560,Jadavpur University polish student told to leave India over #CAA: report. https://t.co/ss6X1VlA0b‚Ä¶ https://t.co/QnHaWCMj3Q
299,2020-03-01 06:47:54,1234007436802969600,"In conservation success story, Manas National Park gets 2 more rhinos. https://t.co/2XEIoM7YNo https://t.co/MVOteCDtER"
300,2020-03-01 06:46:11,1234007005725020161,"Experience the redesigned NDTV app, now available on iPad. 

New features ‚úî
New look ‚úî

Update your app or download‚Ä¶ https://t.co/LhVaTmFzG4"
301,2020-03-01 06:44:04,1234006471567761408,#JustIn | Odisha Chief Minister Naveen Patnaik sanctions relief of Rs 10 lakhs to BSF constable Mohd Anees whose ho‚Ä¶ https://t.co/1vRMQsPJNX
302,2020-03-01 06:29:33,1234002817599209472,"Top stories now on https://t.co/Fbzw6mR9Q5 

#NDTVTopStories https://t.co/zAjesoJTWV"
303,2020-03-01 06:25:22,1234001768402411520,RT @Sports_NDTV: A section of fans unfurled an offensive banner during a Bundesliga match between Hoffenheim and Bayern Munich on Saturday‚Ä¶
304,2020-03-01 06:25:05,1234001697254641665,"Protesters Plan March On CAA At Delhi's Shaheen Bagh, Security Tightened https://t.co/tj2ZyVE4SP #NDTVNewsBeeps https://t.co/AYDSEvXw9w"
305,2020-03-01 06:23:54,1234001396095078400,Girls to be class monitors in government schools on #WomensDay. https://t.co/oqa4huZSYg https://t.co/v7bmFtRWRb
306,2020-03-01 06:15:20,1233999241380425728,Kerala health minister seeks report after 3 die at rehabilitation centre. https://t.co/o9uIEbYs5g https://t.co/F5UkXPm1ZQ
307,2020-03-01 06:09:01,1233997652183994368,"2 Cargo Trains Collide In Madhya Pradesh, People Feared Trapped https://t.co/CvL4AaXePo #NDTVNewsBeeps https://t.co/lkSr3o6V6N"
308,2020-03-01 06:04:20,1233996472699564032,"""May Never Be Excited About A Crowd Again After Going To India"": Trump https://t.co/TjAY8MH9ND #NDTVNewsBeeps https://t.co/d8BNLfxdHc"
309,2020-03-01 05:58:59,1233995125409435648,Indian Man Who Returned From Coronavirus-Hit Malaysia Dies In Kerala https://t.co/dtGx2UDRiI #NDTVNewsBeeps https://t.co/Cnn0wi4Frt
310,2020-03-01 05:56:13,1233994431285514240,"Protesters plan march on #CitzenshipLaw in Delhi's #ShaheenBagh, security tightened. https://t.co/tj2ZyVmtuf

#CAA‚Ä¶ https://t.co/gJxHUCXtKp"
311,2020-03-01 05:54:22,1233993965629652994,Army officer in Jammu And Kashmir dies while trying to save his dog from fire. https://t.co/FjwtgZDSFn https://t.co/4Ds6afVhvv
312,2020-03-01 05:40:20,1233990433077776385,RT @carandbike: The @RevoltMotorsIN RV400 is now more expensive while the entry-level RV300 continues with the same pricing. Details here.‚Ä¶
313,2020-03-01 05:29:39,1233987743211896832,"#Watch | Uttar Pradesh Board ""test solvers"" caught with answer sheets at clerk's home. 11 people have been arrested‚Ä¶ https://t.co/EecocMKrXQ"
314,2020-03-01 05:29:17,1233987653646766081,"Top stories now on https://t.co/Fbzw6mR9Q5 

#NDTVTopStories https://t.co/VajRjJxHMu"
315,2020-03-01 05:23:29,1233986195329179650,"""Risen"" from grassroots: PM Modi wishes Nitish Kumar on his birthday. https://t.co/TQD0jeaLip https://t.co/583SfxaK6l"
316,2020-03-01 05:20:01,1233985322892922880,Hyderabad police rescue 11 children from human traffickers. https://t.co/Tt3b8Jv54M https://t.co/mdFA6IpjJ6
317,2020-03-01 05:13:00,1233983554456997890,Indian man who returned from #coronavirus-hit Malaysia dies in Kerala. https://t.co/dtGx2UmfU8 https://t.co/87gNahAqgr
318,2020-03-01 05:12:44,1233983486807068672,RT @Sports_NDTV: #SainaNehwal is currently lying in 22nd place in Race to Tokyo list and needs a rapid rise in the rankings to qualify for‚Ä¶
319,2020-03-01 05:09:50,1233982758914945024,RT @Sports_NDTV: The news comes a week after Britain's #TysonFury stopped #DeontayWilder in the seventh round of their heavyweight title re‚Ä¶
320,2020-03-01 05:02:15,1233980850955571200,"2 cargo trains carrying coal collide in Madhya Pradesh, people feared trapped https://t.co/hsc6CnGaGN"
321,2020-03-01 05:00:48,1233980484532572162,"#JustIn | Head-on collision between two goods train in Singrauli, Madhya Pradesh. People feared trapped. 

More on‚Ä¶ https://t.co/aYzS0fHzYN"
322,2020-03-01 04:52:14,1233978329000054784,"Delhi woman, 60, recalls escaping arson, children jumped from first floor. https://t.co/3oCsRfZWzO

#DelhiViolence https://t.co/BO39qSFA6D"
323,2020-03-01 04:29:01,1233972488217845760,"Top stories now on https://t.co/Fbzw6mR9Q5 

#NDTVTopStories https://t.co/cMrirb0obV"
324,2020-03-01 04:00:52,1233965400322215936,"RT @carandbike: The @Citroen Ami - 100 per cent electric car looks extremely cute and classifies as a quadricycle, priced as low as $6000 i‚Ä¶"
325,2020-03-01 03:54:38,1233963832432676864,Malaysian king appoints Muhyiddin Yassin as the new Prime Minister amid political crisis. https://t.co/xVUJj4frsR https://t.co/0TSGeTwuvX
326,2020-03-01 03:52:07,1233963198241366016,"RT @CricketNDTV: Twitter in awe of Ravindra Jadeja's ""indescribable"" catch to remove Neil Wagner

#RavindraJadeja
 #NZvsIND  
#INDvsNZ
#NZv‚Ä¶"
327,2020-03-01 03:51:18,1233962995320942593,"UP board ""test solvers"" caught with answer sheets at clerk's home. https://t.co/MLmwK7EJIL https://t.co/etNrgwAXCK"
328,2020-03-01 03:29:16,1233957448668463105,"Top stories now on https://t.co/Fbzw6mR9Q5 

#NDTVTopStories https://t.co/x66SxoXOju"
329,2020-03-01 03:27:37,1233957035646939137,"1000 firemen, over 31 fire engines called to put out blaze in Chennai. https://t.co/lcn6PKc3FG https://t.co/S82Op2awEk"
330,2020-03-01 03:26:13,1233956683694538752,Visually-challenged youth clicks selfie with PM Modi in Prayagraj. https://t.co/yUDty3JOCY https://t.co/KP6ynZt4tH
331,2020-03-01 03:23:10,1233955915730042880,78-year-old evacuee from Japan ship is Australia's first #coronavirus death. https://t.co/8I6R8bLUuL https://t.co/UQd2dCYRd2
332,2020-03-01 02:57:08,1233949362939580416,JNU students' union slams AAP government over Kanhaiya Kumar prosecution. https://t.co/oyrzhThhfz https://t.co/Sg1Q37e8M7
333,2020-03-01 02:55:59,1233949074925113345,Confronted opposition leader once for denouncing Savarkar: Nitin Gadkari. https://t.co/uWEeH5VRCe https://t.co/kKPpaFQHPi
334,2020-03-01 02:55:15,1233948890900156418,35-year-old man allegedly shot dead in #Delhi: police. https://t.co/rJIT0M08pb https://t.co/t46wXSbBhm
335,2020-03-01 02:53:08,1233948357216763904,"On birthday today, Nitish Kumar to announce Bihar election battle plan. https://t.co/aX61dknIzM https://t.co/11uUs3Fk5A"
336,2020-03-01 02:36:10,1233944086869995521,"Situation returning to normal is violence-hit northeast #Delhi. Visuals from Jaffrabad, Maujpur, Babarpur, and Seel‚Ä¶ https://t.co/jkfZrpvmKi"
337,2020-03-01 02:28:30,1233942156957503488,"Top stories now on https://t.co/Fbzw6mR9Q5 

#NDTVTopStories https://t.co/M9Axe1S0TS"
338,2020-03-01 02:07:41,1233936918850588673,"Maharashtra: Tragedy in birthday outing, one dead in accident. https://t.co/P5nXCD2UdX https://t.co/Nv4kPIcBEl"
339,2020-03-01 02:05:51,1233936457095512066,"AAP, BJP two sides of same coin: Congress on Kanhaiya Kumar sedition case. https://t.co/lctoEZXWMc https://t.co/t3qb1qBbBg"
340,2020-03-01 02:03:38,1233935897831231488,"Boris Johnson and girlfriend expecting baby, announce engagement. https://t.co/owBpXnHCsX https://t.co/3VrgrMGjIk"
341,2020-03-01 02:00:42,1233935160170577920,"Convict gets atop Howrah jail building, threatens suicide. https://t.co/hLJN3rKyI5 https://t.co/mpl1khc3vZ"
342,2020-03-01 01:58:22,1233934575190990848,"Dismayed over recent #DelhiViolence, Bengal BJP leader quits. https://t.co/mDt1zAnbI6 https://t.co/V9m6pl4jw2"
343,2020-03-01 01:56:34,1233934121916780544,Rename Aurangabad to Sambhajinagar: Maharashtra BJP Chief. https://t.co/fZetePE4z5 https://t.co/8RMaUv8Nw4
344,2020-03-01 01:55:20,1233933811265630208,"""Support for peace"": India on landmark US-Taliban deal. https://t.co/LfhIRQXLng https://t.co/DHdWWBDMla"
345,2020-03-01 01:53:03,1233933234217443328,"Boy, 16, kills father over argument, buries body into pit at house: police. https://t.co/xJOzdTfUnO https://t.co/QbocBZTV4X"
346,2020-03-01 01:45:04,1233931228685852673,RT @Sports_NDTV: Liverpool's unbeaten season in the Premier League was ended in spectacular fashion as Ismaila Sarr's double moved Watford‚Ä¶
347,2020-03-01 01:38:52,1233929665292591104,"""If bad things happen, we'll go back"": Donald Trump warns Taliban. https://t.co/jmbwomArAn https://t.co/wOQkXxBJPh"
348,2020-03-01 01:37:19,1233929278242246656,May never be excited about a crowd again after going to India: Trump. https://t.co/TjAY8MYKFb https://t.co/fbk9pUR2Vj
349,2020-03-01 01:34:42,1233928618755018753,"BJP pregnant legislator, puts duty before self, attends Maharashtra Assembly. https://t.co/kZQszLh5tW https://t.co/In9I87pnFS"
350,2020-03-01 01:33:36,1233928342111281152,Bundelkhand Expressway will give momentum to defence corridor: Yogi Adityanath https://t.co/srg2Dj8Qdl https://t.co/HMXjj3150O
351,2020-03-01 01:31:35,1233927835607130112,Amit Shah to launch Bengal BJP campaign today for big ticket local polls. https://t.co/XVYwTslqxS https://t.co/HugV9iMzkV
352,2020-03-01 01:29:50,1233927394194382848,"#JustIn | China reports 35 more #coronavirus deaths, 573 new cases: news agency AFP.

More on https://t.co/Fbzw6mR9Q5 and NDTV 24x7"
353,2020-03-01 01:29:50,1233927392378245125,"#JusIn | South Korea reports 376 more #coronavirus cases, total 3,526: news agency AFP.

More on https://t.co/Fbzw6mR9Q5 and NDTV 24x7"
354,2020-03-01 01:22:51,1233925634654519297,Donald Trump imposes international travel restrictions after first US #coronavirus death https://t.co/X7Dg9LaA1j https://t.co/dT6llQfmZi
355,2020-02-29 22:29:00,1233881884284903424,"RT @CricketNDTV: 2nd Test Day 2: India will look to break the dangerous opening stand as the play gets underway in Christchurch

#NZvsIND‚Ä¶"
356,2020-02-29 21:30:00,1233867036457086979,"Homemade ""Batmobile"" worth over $8,00,000 seized in Russia. https://t.co/rm0JzT8wtC https://t.co/c0JKqnH8KP"
357,2020-02-29 20:30:00,1233851937533177856,"UGC asks universities, colleges to organize week-long activities for Women's Day https://t.co/zwFF9zebKF https://t.co/MtvPFoUocB"
358,2020-02-29 19:30:00,1233836837803659264,Dubai-based Indian teen YouTuber's song gets 1 million views. https://t.co/16281JJ3fB https://t.co/94hTqigXzI
359,2020-02-29 19:02:26,1233829900886216704,Doctors' team from Lucknow visits Meerut after 77 cases of swine flu reported https://t.co/dUyiVs2yhL https://t.co/K9CuT7ar18
360,2020-02-29 19:01:27,1233829652826710016,Ineptitude or complicity? Amartya Sen questions cops on #DelhiViolence https://t.co/NbLwhu8QXH https://t.co/pSYZXj35Me
361,2020-02-29 19:00:02,1233829298315771904,Will make #Delhi best in world: Arvind Kejriwal after meeting Hardeep Puri https://t.co/A2la3SasUV https://t.co/wlqmkphcm2
362,2020-02-29 18:59:04,1233829052361785345,Desperate calls for evacuation as 300 students stuck in #coronavirus-hit Iran https://t.co/EBqxMZiaBO https://t.co/JG4H69mHfc
363,2020-02-29 18:57:51,1233828746408251392,Assam teacher arrested over post slamming PM Modi on #DelhiViolence https://t.co/g44WrkA77H https://t.co/558EpZGODv
364,2020-02-29 18:54:44,1233827964258635777,Indian Railways launches its first ''Restaurant On Wheels'' https://t.co/hOi800mtV3 https://t.co/lkQEk17mj1
365,2020-02-29 18:53:27,1233827641624449024,Bengal Governor seeks details of anti-#CAA ads issued by government: Report https://t.co/tAwRXLnBlP https://t.co/cSvkp6ytkr
366,2020-02-29 18:51:53,1233827244360888321,"Advocate Geeta Luthra, appearing on behalf MJ Akbar, concluded final argument in the defamation complaint. Now, sen‚Ä¶ https://t.co/8jhtGv3gB0"
367,2020-02-29 18:49:49,1233826726360170496,#BreakingNews | First #coronavirus death reported in the United States from northwest state of Washington: state he‚Ä¶ https://t.co/l5lDlezpid
368,2020-02-29 18:39:58,1233824247627186176,"Watch on #WeThePeople | Hate speeches: Justice denied? 
This was a riot waiting to happen after months of hateful,‚Ä¶ https://t.co/a9XxVRgUHs"
369,2020-02-29 18:32:21,1233822331887374336,"""Goli Maaro"" At Delhi's Busiest Metro Station In Rush Hour, 6 Detained https://t.co/c0xFtgOOXf #NDTVNewsBeeps https://t.co/AHiYiHYgz1"
370,2020-02-29 18:25:21,1233820569314848769,Watch | Scenes of utter destruction making it hard to believe that this is a neighbourhood in India's capital. The‚Ä¶ https://t.co/dQqEf0H4SG
371,2020-02-29 18:07:42,1233816125399498752,RT @Sports_NDTV: Players from both sides stood on the field but refused to play for the final 10 minutes of the match as the clock wound do‚Ä¶
372,2020-02-29 17:52:54,1233812404133232640,"RT @Sports_NDTV: #NovakDjokovic is now on an 18-0 winning run this season, and 21-0 overall since late 2019

https://t.co/fzx6VwmBx1"
373,2020-02-29 17:32:06,1233807168542892035,"Top stories now on https://t.co/Fbzw6mR9Q5 

#NDTVTopStories https://t.co/CKSw6ROviw"
374,2020-02-29 17:26:03,1233805646006374400,"Watch on #WeThePeople | Delhi Police had received about 13,200 distress calls during 4 days of rioting. We asked Vi‚Ä¶ https://t.co/sie4F9lEXF"
375,2020-02-29 17:20:04,1233804138175008768,RT @Sports_NDTV: Chelsea salvaged a 2-2 draw at struggling Bournemouth as West Ham boosted their chances of survival with a 3-1 win over So‚Ä¶
376,2020-02-29 17:16:26,1233803224689209346,Watch on #WeThePeople | Al-Hind hospital is a small clinic with 1 ward and only 15 beds in Old Mustafabad of N-E De‚Ä¶ https://t.co/iiivxyPqmK
377,2020-02-29 17:02:46,1233799786085539841,"RT @Sports_NDTV: Lucian Goian, Anirudh Thapa, Eli Sabia and Lallianzuala Chhangte scored as Chennaiyin FC defeated FC Goa 4-1 in the first‚Ä¶"
378,2020-02-29 16:31:49,1233791997774684160,"Top stories now on https://t.co/Fbzw6mR9Q5 

#NDTVTopStories https://t.co/RCFhiWmLI5"
379,2020-02-29 16:30:10,1233791582471512064,"Watch | Rioters did not spare BSF jawan, Mohammad Anis' house in N-E Delhi's Khajoori Khas area. Anis is posted in‚Ä¶ https://t.co/ByyZnXXg0o"
380,2020-02-29 16:25:26,1233790392404869120,Pinarayi Vijayan attends house warming hosted by man with disabilities https://t.co/0F2BVtxLZ2 https://t.co/utKSZMGZMH
381,2020-02-29 16:24:29,1233790149852459008,"14 flights diverted, rain brings down temperature in Delhi https://t.co/g1eiMoaymI https://t.co/vtTmeyf2oJ"
382,2020-02-29 16:23:14,1233789838769262592,"MJ Akbar, others defend government on #CAA after UN rights body critique https://t.co/qV58Y8OG1e https://t.co/SajYbToaiD"
383,2020-02-29 16:14:34,1233787655965380608,Maharashtra farmer ends life on day son recites poem against suicide https://t.co/7XKjU9Wtvw https://t.co/q9Wc3AWLhg
384,2020-02-29 16:13:16,1233787326955843584,Johnson forced the resignation of his finance minister this month as part of a shake-up of how the government funct‚Ä¶ https://t.co/LlQa7zyg4h
385,2020-02-29 16:10:14,1233786564351651840,"BJP MP, slammed for hate speech, pledges donation for cop's family https://t.co/5TdncBx8dm https://t.co/8JkrDSuBwI"
386,2020-02-29 16:08:59,1233786250911305735,"Arvind Kejriwal meets magistrates, reviews situation in Northeast Delhi https://t.co/1M5f1ws29k https://t.co/mstBtJXHlN"
387,2020-02-29 16:07:55,1233785983352463360,BSF offers to repair trooper's home set ablaze during #DelhiViolence  https://t.co/VnIeDdcK2c https://t.co/S4wO8RN3Wr
388,2020-02-29 16:05:03,1233785260141248513,"#DelhiViolence | Worst affected in #Delhi clashes, Shiv Vihar resembles a ghost town https://t.co/ObshGz33ad https://t.co/aAEYsCwlpV"
389,2020-02-29 15:31:34,1233776832882737152,"Top stories now on https://t.co/Fbzw6mR9Q5 

#NDTVTopStories https://t.co/XktU0CRWSb"
390,2020-02-29 15:16:51,1233773129752698881,"#Video | Huge fire in #Chennai, 500 firemen, over 30 fire engines called to put out blaze https://t.co/lcn6PKc3FG https://t.co/S0wGsGgpuF"
391,2020-02-29 14:31:48,1233761794939768832,"Top stories now on https://t.co/Fbzw6mR9Q5 

#NDTVTopStories https://t.co/dFESUE0Y0H"
392,2020-02-29 14:13:34,1233757206182428674,#AfghanPeaceDeal | India conveys to #Afghanistan its support for enduring and inclusive peace and reconciliation wh‚Ä¶ https://t.co/usheafxS2V
393,2020-02-29 13:59:03,1233753550557077505,"#USTalibanAgreement #Afghanistan #AfghanPeaceDeal #Taliban #MikePompeo 

More here https://t.co/tqgcJa49dH https://t.co/IzKctMA2Tt"
394,2020-02-29 13:52:03,1233751791600144387,"US, #Taliban sign peace agreement in a bid to end 18 years of conflict in #Afghanistan 
Read here‚Ä¶ https://t.co/vngZOY9gD7"
395,2020-02-29 13:42:48,1233749460766736384,RT @CricketNDTV: #AnustupMajumdar smashed an unbeaten century to help Bengal reach 275 for nine on the opening day of their #RanjiTrophy se‚Ä¶
396,2020-02-29 13:31:09,1233746531473215489,"Top stories now on https://t.co/Fbzw6mR9Q5 

#NDTVTopStories https://t.co/gogpVkbxqj"
397,2020-02-29 13:20:56,1233743958288695301,"#BreakingNews | US to begin immediate troop withdrawal from #Afghanistan, reducing to 8,600: US-Taliban accord. (AF‚Ä¶ https://t.co/zdPpBC1NFo"
398,2020-02-29 13:19:25,1233743578800754688,#Afghanistan https://t.co/hkrhIMoYhJ
399,2020-02-29 13:18:26,1233743330023895042,"#BreakingNews | US, #Taliban sign deal on American troops' withdrawal from #Afghanistan: news agency AFP

More on‚Ä¶ https://t.co/CumYl2X51b"
400,2020-03-01 12:29:53,1234093500284702721,RT @sxdoc: Every election year has a diseaseSARS ‚Äî‚Äî‚Äî2004AVIAN‚Äî‚Äî‚Äî2008SWINE‚Äî‚Äî‚Äî2010MERS‚Äî‚Äî‚Äî-2012EBOLA‚Äî‚Äî‚Äî2014ZIKA‚Äî‚Äî‚Äî‚Äî2016EBOLA‚Äî‚Äî‚Äî2018COR‚Ä¶
401,2020-03-01 12:27:40,1234092941741830144,RT @Reuters: U.S. Democrats want Russia sanctions over 2020 election interference https://t.co/KILhNve1AD https://t.co/8cXb96IZ5p
402,2020-03-01 12:25:43,1234092453411594240,"RT @vexedvixen17: üá∫üá∏ I May Sometimes Be Disgruntled By A Few Of President Trump's Decisions. Make No Mistake About It..I Love POTUS, &amp; Supp‚Ä¶"
403,2020-03-01 12:23:24,1234091869388361730,"RT @BBCBweaking: 0w0 Tom Steyew to end pwesidentiaw campaign ;3
https://t.co/rv8Wym4bNp"
404,2020-03-01 12:20:17,1234091085439406080,RT @sxdoc: Every election year has a diseaseSARS ‚Äî‚Äî‚Äî2004AVIAN‚Äî‚Äî‚Äî2008SWINE‚Äî‚Äî‚Äî2010MERS‚Äî‚Äî‚Äî-2012EBOLA‚Äî‚Äî‚Äî2014ZIKA‚Äî‚Äî‚Äî‚Äî2016EBOLA‚Äî‚Äî‚Äî2018COR‚Ä¶
405,2020-03-01 12:15:20,1234089840804757504,RT @sxdoc: Every election year has a diseaseSARS ‚Äî‚Äî‚Äî2004AVIAN‚Äî‚Äî‚Äî2008SWINE‚Äî‚Äî‚Äî2010MERS‚Äî‚Äî‚Äî-2012EBOLA‚Äî‚Äî‚Äî2014ZIKA‚Äî‚Äî‚Äî‚Äî2016EBOLA‚Äî‚Äî‚Äî2018COR‚Ä¶
406,2020-03-01 12:12:49,1234089203664687104,"RT @vexedvixen17: üá∫üá∏ I May Sometimes Be Disgruntled By A Few Of President Trump's Decisions. Make No Mistake About It..I Love POTUS, &amp; Supp‚Ä¶"
407,2020-03-01 12:09:51,1234088459276627970,RT @sxdoc: Every election year has a diseaseSARS ‚Äî‚Äî‚Äî2004AVIAN‚Äî‚Äî‚Äî2008SWINE‚Äî‚Äî‚Äî2010MERS‚Äî‚Äî‚Äî-2012EBOLA‚Äî‚Äî‚Äî2014ZIKA‚Äî‚Äî‚Äî‚Äî2016EBOLA‚Äî‚Äî‚Äî2018COR‚Ä¶
408,2020-03-01 12:05:22,1234087332501954560,"""After Biden's South Carolina Win, Democrats Head to Alabama to Commemorate Civil Rights March"" by Reuters via NYT https://t.co/GDTqB7JJvD"
409,2020-03-01 11:59:36,1234085880383623168,God bless the USA and God Bless Donald Trump we will take this election this 2020 https://t.co/Sjw3mgfCAp
410,2020-03-01 11:58:02,1234085483275149312,Factbox: Seven Democrats still in the fight for U.S. presidential nomination https://t.co/pCA1FgZ4Ua https://t.co/SeIzaBh7FD
411,2020-03-01 11:56:11,1234085020094124032,RT @sxdoc: Every election year has a diseaseSARS ‚Äî‚Äî‚Äî2004AVIAN‚Äî‚Äî‚Äî2008SWINE‚Äî‚Äî‚Äî2010MERS‚Äî‚Äî‚Äî-2012EBOLA‚Äî‚Äî‚Äî2014ZIKA‚Äî‚Äî‚Äî‚Äî2016EBOLA‚Äî‚Äî‚Äî2018COR‚Ä¶
412,2020-03-01 11:51:07,1234083744161681408,"""Sanders Raised $46.5 Million in February, Makes Ad Buys for States Beyond Super Tuesday"" by Reuters via NYT https://t.co/9mITijJniM"
413,2020-03-01 11:51:07,1234083742903341062,"""After Biden's South Carolina Win, Democrats Head to Alabama to Commemorate Civil Rights March"" by Reuters via NYT https://t.co/gNpYZGVIWK"
414,2020-03-01 11:49:16,1234083279617318912,RT @happysnarkygal2: Environmentalist Tom Steyer ends 2020 Democratic presidential bid - Reuters https://t.co/RACuU477D3
415,2020-03-01 11:48:53,1234083184238825472,"RT @Reuters: Billionaire Tom Steyer, who spent big in South Carolina, drops out of the 2020 nomination race https://t.co/RTFckpsD03 https:/‚Ä¶"
416,2020-03-01 11:47:15,1234082772668559360,https://t.co/cXHkoAryhA
417,2020-03-01 11:47:04,1234082723431669760,"""Sanders Raised $46.5 Million in February, Makes Ad Buys for States Beyond Super Tuesday"" by Reuters via NYT https://t.co/rPNc42HCU3"
418,2020-03-01 11:46:35,1234082601830244354,"RT @TrumanKelly: Morales election victory was legitimate.

USA coup in Bolivia was illegal.

Will he be reinstated as the legitimate Presid‚Ä¶"
419,2020-03-01 11:46:11,1234082504954589185,Environmentalist Tom Steyer ends 2020 Democratic presidential bid https://t.co/nHu2vRjFeU
420,2020-03-01 11:39:28,1234080812909432840,"RT @TrumanKelly: Morales election victory was legitimate.

USA coup in Bolivia was illegal.

Will he be reinstated as the legitimate Presid‚Ä¶"
421,2020-03-01 11:38:11,1234080491676086272,"""Sanders Raised $46.5 Million in February, Makes Ad Buys for States Beyond Super Tuesday"" by Reuters via NYT https://t.co/NzC8D56odT"
422,2020-03-01 11:37:53,1234080415616552962,"Morales election victory was legitimate.

USA coup in Bolivia was illegal.

Will he be reinstated as the legitimate‚Ä¶ https://t.co/MmttzBybLV"
423,2020-03-01 11:32:18,1234079010046578688,RT @happysnarkygal2: Environmentalist Tom Steyer ends 2020 Democratic presidential bid - Reuters https://t.co/RACuU477D3
424,2020-03-01 11:32:11,1234078977725214720,"""After Biden's South Carolina Win, Democrats Head to Alabama to Commemorate Civil Rights March"" by Reuters via NYT https://t.co/PrZYQNhzaz"
425,2020-03-01 11:31:53,1234078903368638465,RT @happysnarkygal2: Environmentalist Tom Steyer ends 2020 Democratic presidential bid - Reuters https://t.co/RACuU477D3
426,2020-03-01 11:30:33,1234078567614603264,RT @Reuters: Environmentalist Tom Steyer ends 2020 Democratic presidential bid: CNN https://t.co/0SWISk0mYo https://t.co/18Xl4uyRqH
427,2020-03-01 11:29:21,1234078264643158017,RT @ReutersPolitics: Factbox: Seven Democrats still in the fight for U.S. presidential nomination https://t.co/sMQJnG4m9d https://t.co/B74d‚Ä¶
428,2020-03-01 11:28:33,1234078066500100096,Environmentalist Tom Steyer ends 2020 Democratic presidential bid - Reuters https://t.co/RACuU477D3
429,2020-03-01 11:26:24,1234077523492761602,RT @sxdoc: Every election year has a diseaseSARS ‚Äî‚Äî‚Äî2004AVIAN‚Äî‚Äî‚Äî2008SWINE‚Äî‚Äî‚Äî2010MERS‚Äî‚Äî‚Äî-2012EBOLA‚Äî‚Äî‚Äî2014ZIKA‚Äî‚Äî‚Äî‚Äî2016EBOLA‚Äî‚Äî‚Äî2018COR‚Ä¶
430,2020-03-01 11:19:09,1234075697892798464,"""Sanders Raised $46.5 Million in February, Makes Ad Buys for States Beyond Super Tuesday"" by Reuters via NYT https://t.co/q7QVP897T0"
431,2020-03-01 11:16:40,1234075075730722816,RT @sxdoc: Every election year has a diseaseSARS ‚Äî‚Äî‚Äî2004AVIAN‚Äî‚Äî‚Äî2008SWINE‚Äî‚Äî‚Äî2010MERS‚Äî‚Äî‚Äî-2012EBOLA‚Äî‚Äî‚Äî2014ZIKA‚Äî‚Äî‚Äî‚Äî2016EBOLA‚Äî‚Äî‚Äî2018COR‚Ä¶
432,2020-03-01 11:08:53,1234073116000653313,RT @Reuters: Factbox: Seven Democrats still in the fight for U.S. presidential nomination https://t.co/RofEt3ZcTh https://t.co/M4C11d6k2M
433,2020-03-01 11:00:15,1234070943946899461,RT @sxdoc: Every election year has a diseaseSARS ‚Äî‚Äî‚Äî2004AVIAN‚Äî‚Äî‚Äî2008SWINE‚Äî‚Äî‚Äî2010MERS‚Äî‚Äî‚Äî-2012EBOLA‚Äî‚Äî‚Äî2014ZIKA‚Äî‚Äî‚Äî‚Äî2016EBOLA‚Äî‚Äî‚Äî2018COR‚Ä¶
434,2020-03-01 10:48:58,1234068104591937537,"USA election 2020 looks like a rerun of BoJo vs Corby, but....

x10

Hadn't realised Bernie is much further left th‚Ä¶ https://t.co/T7oqtObBDB"
435,2020-03-01 10:47:28,1234067726408278016,"@texan_maga @MADE__USA @POTUS Truth be known, the #Democrats have been plotting for a way to cheat in the 2020 Pres‚Ä¶ https://t.co/PtTotgdiYo"
436,2020-03-01 10:47:01,1234067612650348544,RT @Reuters: Factbox: Seven Democrats still in the fight for U.S. presidential nomination https://t.co/RofEt3ZcTh https://t.co/M4C11d6k2M
437,2020-03-01 10:44:09,1234066892211576833,"RT @willdizard: Glad to see Star Trek in USA Today, but have to say this is not the right episode analogy. 

The correct episode is Devil's‚Ä¶"
438,2020-03-01 10:38:01,1234065346191142914,"RT @Reuters: Now that Tom Steyer has dropped out of the 2020 race, who's left in the running? Track how the remaining candidates are faring‚Ä¶"
439,2020-03-01 10:37:20,1234065178133778432,"RT @willdizard: Glad to see Star Trek in USA Today, but have to say this is not the right episode analogy. 

The correct episode is Devil's‚Ä¶"
440,2020-03-01 10:36:08,1234064875795578880,RT @sxdoc: Every election year has a diseaseSARS ‚Äî‚Äî‚Äî2004AVIAN‚Äî‚Äî‚Äî2008SWINE‚Äî‚Äî‚Äî2010MERS‚Äî‚Äî‚Äî-2012EBOLA‚Äî‚Äî‚Äî2014ZIKA‚Äî‚Äî‚Äî‚Äî2016EBOLA‚Äî‚Äî‚Äî2018COR‚Ä¶
441,2020-03-01 10:35:00,1234064587194064896,RT @Reuters: Factbox: Seven Democrats still in the fight for U.S. presidential nomination https://t.co/RofEt3ZcTh https://t.co/M4C11d6k2M
442,2020-03-01 10:30:09,1234063366781427715,RT @Reuters: Environmentalist Tom Steyer ends 2020 Democratic presidential bid: CNN https://t.co/0SWISk0mYo https://t.co/18Xl4uyRqH
443,2020-03-01 10:22:49,1234061522655154176,"RT @texan_maga: .@POTUS 

Can‚Äôt win ..so they will cheat 
Is this how they will try steal the 2020
Election
 https://t.co/JlwGLYNpi2"
444,2020-03-01 10:17:11,1234060105743831041,RT @sxdoc: Every election year has a diseaseSARS ‚Äî‚Äî‚Äî2004AVIAN‚Äî‚Äî‚Äî2008SWINE‚Äî‚Äî‚Äî2010MERS‚Äî‚Äî‚Äî-2012EBOLA‚Äî‚Äî‚Äî2014ZIKA‚Äî‚Äî‚Äî‚Äî2016EBOLA‚Äî‚Äî‚Äî2018COR‚Ä¶
445,2020-03-01 10:14:49,1234059510785855488,RT @sxdoc: Every election year has a diseaseSARS ‚Äî‚Äî‚Äî2004AVIAN‚Äî‚Äî‚Äî2008SWINE‚Äî‚Äî‚Äî2010MERS‚Äî‚Äî‚Äî-2012EBOLA‚Äî‚Äî‚Äî2014ZIKA‚Äî‚Äî‚Äî‚Äî2016EBOLA‚Äî‚Äî‚Äî2018COR‚Ä¶
446,2020-03-01 10:13:46,1234059245898936322,RT @sxdoc: Every election year has a diseaseSARS ‚Äî‚Äî‚Äî2004AVIAN‚Äî‚Äî‚Äî2008SWINE‚Äî‚Äî‚Äî2010MERS‚Äî‚Äî‚Äî-2012EBOLA‚Äî‚Äî‚Äî2014ZIKA‚Äî‚Äî‚Äî‚Äî2016EBOLA‚Äî‚Äî‚Äî2018COR‚Ä¶
447,2020-03-01 10:10:08,1234058331490308096,"Glad to see Star Trek in USA Today, but have to say this is not the right episode analogy. 

The correct episode is‚Ä¶ https://t.co/MuKmga1j53"
448,2020-03-01 10:07:02,1234057550926155776,RT @Reuters: Environmentalist Tom Steyer ends 2020 Democratic presidential bid: CNN https://t.co/0SWISk0mYo https://t.co/18Xl4uyRqH
449,2020-03-01 10:06:01,1234057297153986560,RT @Reuters: Factbox: Seven Democrats still in the fight for U.S. presidential nomination https://t.co/uQmrlSMj6d https://t.co/tffdZ5N83O
450,2020-03-01 10:05:11,1234057084263686145,RT @sxdoc: Every election year has a diseaseSARS ‚Äî‚Äî‚Äî2004AVIAN‚Äî‚Äî‚Äî2008SWINE‚Äî‚Äî‚Äî2010MERS‚Äî‚Äî‚Äî-2012EBOLA‚Äî‚Äî‚Äî2014ZIKA‚Äî‚Äî‚Äî‚Äî2016EBOLA‚Äî‚Äî‚Äî2018COR‚Ä¶
451,2020-03-01 10:03:05,1234056557937254403,"RT @vexedvixen17: üá∫üá∏ I May Sometimes Be Disgruntled By A Few Of President Trump's Decisions. Make No Mistake About It..I Love POTUS, &amp; Supp‚Ä¶"
452,2020-03-01 10:00:32,1234055913352450048,RT @sxdoc: Every election year has a diseaseSARS ‚Äî‚Äî‚Äî2004AVIAN‚Äî‚Äî‚Äî2008SWINE‚Äî‚Äî‚Äî2010MERS‚Äî‚Äî‚Äî-2012EBOLA‚Äî‚Äî‚Äî2014ZIKA‚Äî‚Äî‚Äî‚Äî2016EBOLA‚Äî‚Äî‚Äî2018COR‚Ä¶
453,2020-03-01 09:42:22,1234051343691550720,RT @Reuters: Factbox: Seven Democrats still in the fight for U.S. presidential nomination https://t.co/RofEt3ZcTh https://t.co/M4C11d6k2M
454,2020-03-01 09:41:35,1234051147549331456,RT @sxdoc: Every election year has a diseaseSARS ‚Äî‚Äî‚Äî2004AVIAN‚Äî‚Äî‚Äî2008SWINE‚Äî‚Äî‚Äî2010MERS‚Äî‚Äî‚Äî-2012EBOLA‚Äî‚Äî‚Äî2014ZIKA‚Äî‚Äî‚Äî‚Äî2016EBOLA‚Äî‚Äî‚Äî2018COR‚Ä¶
455,2020-03-01 09:40:54,1234050973976281088,RT @sxdoc: Every election year has a diseaseSARS ‚Äî‚Äî‚Äî2004AVIAN‚Äî‚Äî‚Äî2008SWINE‚Äî‚Äî‚Äî2010MERS‚Äî‚Äî‚Äî-2012EBOLA‚Äî‚Äî‚Äî2014ZIKA‚Äî‚Äî‚Äî‚Äî2016EBOLA‚Äî‚Äî‚Äî2018COR‚Ä¶
456,2020-03-01 09:36:38,1234049902021357568,"Sanders Presidency Could Start With U.S. Jobs Program, Then Scale Up https://t.co/C74F7adsU5"
457,2020-03-01 09:30:29,1234048351429156865,Factbox: Seven Democrats still in the fight for U.S. presidential nomination https://t.co/sMQJnG4m9d https://t.co/B74dJViCTg
458,2020-03-01 09:28:41,1234047897835995138,Factbox: Seven Democrats still in the fight for U.S. presidential nomination - Reuters https://t.co/oYQQTjGSlU via @skinnergj
459,2020-03-01 09:28:19,1234047807658422272,RT @nymets22: 100s of DEAD voters still registered for 2020 election in Pennsylvania ‚Äì lawsuit https://t.co/Hhe66LxLv5 https://t.co/r64lfSW‚Ä¶
460,2020-03-01 09:19:30,1234045587626041344,US election 2020: What are primaries and caucuses and how do they work? #USA  https://t.co/iJj7nmBmd5
461,2020-03-01 09:19:22,1234045557217382401,Factbox: Seven Democrats still in the fight for U.S. presidential nomination | Article [AMP] | Reuters https://t.co/3RQAxtdSSF
462,2020-03-01 09:18:55,1234045442847059968,RT @Reuters: Factbox: Seven Democrats still in the fight for U.S. presidential nomination https://t.co/RofEt3ZcTh https://t.co/M4C11d6k2M
463,2020-03-01 09:16:05,1234044728166928384,100s of DEAD voters still registered for 2020 election in Pennsylvania ‚Äì lawsuit https://t.co/Hhe66LxLv5 https://t.co/r64lfSW8kX
464,2020-03-01 09:14:56,1234044438021902336,RT @sxdoc: Every election year has a diseaseSARS ‚Äî‚Äî‚Äî2004AVIAN‚Äî‚Äî‚Äî2008SWINE‚Äî‚Äî‚Äî2010MERS‚Äî‚Äî‚Äî-2012EBOLA‚Äî‚Äî‚Äî2014ZIKA‚Äî‚Äî‚Äî‚Äî2016EBOLA‚Äî‚Äî‚Äî2018COR‚Ä¶
465,2020-03-01 09:14:27,1234044318240907265,RT @Reuters: Factbox: Seven Democrats still in the fight for U.S. presidential nomination https://t.co/uQmrlSMj6d https://t.co/tffdZ5N83O
466,2020-03-01 09:14:23,1234044303003045889,RT @Reuters: Factbox: Seven Democrats still in the fight for U.S. presidential nomination https://t.co/RofEt3ZcTh https://t.co/M4C11d6k2M
467,2020-03-01 09:11:05,1234043471129927681,"Israel in limbo as weary voters go to polls for third time in year https://t.co/10xGmEZXHJ
Decent Israeli citizens‚Ä¶ https://t.co/UugZ9k90Ku"
468,2020-03-01 09:06:47,1234042388932259842,RT @sxdoc: Every election year has a diseaseSARS ‚Äî‚Äî‚Äî2004AVIAN‚Äî‚Äî‚Äî2008SWINE‚Äî‚Äî‚Äî2010MERS‚Äî‚Äî‚Äî-2012EBOLA‚Äî‚Äî‚Äî2014ZIKA‚Äî‚Äî‚Äî‚Äî2016EBOLA‚Äî‚Äî‚Äî2018COR‚Ä¶
469,2020-03-01 09:06:38,1234042352672464896,RT @Reuters: Factbox: Seven Democrats still in the fight for U.S. presidential nomination https://t.co/RofEt3ZcTh https://t.co/M4C11d6k2M
470,2020-03-01 09:06:35,1234042337493471234,"South #Carolina 2020 #Primary: Live Results

@JoeBiden 48%! Congratulations to @TeamJoe

#USA
#PoliticsLive

 https://t.co/8u5kyHuK8L"
471,2020-03-01 09:05:32,1234042073952608257,Environmentalist Tom Steyer ends 2020 Democratic presidential bid https://t.co/3rgxNbJuYH https://t.co/TQytuJ63qJ
472,2020-03-01 09:03:27,1234041550067253253,RT @Reuters: Factbox: Seven Democrats still in the fight for U.S. presidential nomination https://t.co/uQmrlSMj6d https://t.co/tffdZ5N83O
473,2020-03-01 09:01:21,1234041022180741120,"RT @vexedvixen17: üá∫üá∏ I May Sometimes Be Disgruntled By A Few Of President Trump's Decisions. Make No Mistake About It..I Love POTUS, &amp; Supp‚Ä¶"
474,2020-03-01 08:58:41,1234040351532281856,RT @Reuters: Environmentalist Tom Steyer ends 2020 Democratic presidential bid: CNN https://t.co/0SWISk0mYo https://t.co/18Xl4uyRqH
475,2020-03-01 08:58:22,1234040270955507712,"""Joe Biden Got His South Carolina Comeback. Will It Be Enough?"" by Reuters via NYT https://t.co/Ufr2BYWqFB"
476,2020-03-01 08:58:20,1234040260469968896,"""Factbox: Seven Democrats Still in the Fight for U.S. Presidential Nomination"" by Reuters via NYT https://t.co/dIsK2U7ZDs"
477,2020-03-01 08:57:37,1234040081259941888,RT @sxdoc: Every election year has a diseaseSARS ‚Äî‚Äî‚Äî2004AVIAN‚Äî‚Äî‚Äî2008SWINE‚Äî‚Äî‚Äî2010MERS‚Äî‚Äî‚Äî-2012EBOLA‚Äî‚Äî‚Äî2014ZIKA‚Äî‚Äî‚Äî‚Äî2016EBOLA‚Äî‚Äî‚Äî2018COR‚Ä¶
478,2020-03-01 08:56:44,1234039859272089600,RT @Reuters: Factbox: Seven Democrats still in the fight for U.S. presidential nomination https://t.co/uQmrlSMj6d https://t.co/tffdZ5N83O
479,2020-03-01 08:56:29,1234039795824898048,RT @Reuters: Environmentalist Tom Steyer ends 2020 Democratic presidential bid: CNN https://t.co/0SWISk0mYo https://t.co/18Xl4uyRqH
480,2020-03-01 08:55:02,1234039429561380864,Seven Democrats still in the fight for U.S. presidential... https://t.co/tKCpiIZeQ7
481,2020-03-01 08:54:23,1234039270135955457,RT @Reuters: Factbox: Seven Democrats still in the fight for U.S. presidential nomination https://t.co/uQmrlSMj6d https://t.co/tffdZ5N83O
482,2020-03-01 08:54:07,1234039202393796610,RT @Reuters: Factbox: Seven Democrats still in the fight for U.S. presidential nomination https://t.co/uQmrlSMj6d https://t.co/tffdZ5N83O
483,2020-03-01 08:53:25,1234039023938629634,RT @Reuters: Factbox: Seven Democrats still in the fight for U.S. presidential nomination https://t.co/uQmrlSMj6d https://t.co/tffdZ5N83O
484,2020-03-01 08:51:20,1234038501991165952,RT @Reuters: Factbox: Seven Democrats still in the fight for U.S. presidential nomination https://t.co/uQmrlSMj6d https://t.co/tffdZ5N83O
485,2020-03-01 08:49:57,1234038151334809600,RT @Reuters: Factbox: Seven Democrats still in the fight for U.S. presidential nomination https://t.co/uQmrlSMj6d https://t.co/tffdZ5N83O
486,2020-03-01 08:49:41,1234038085375016963,RT @Reuters: Factbox: Seven Democrats still in the fight for U.S. presidential nomination https://t.co/uQmrlSMj6d https://t.co/tffdZ5N83O
487,2020-03-01 08:49:06,1234037939769753602,RT @Reuters: Factbox: Seven Democrats still in the fight for U.S. presidential nomination https://t.co/uQmrlSMj6d https://t.co/tffdZ5N83O
488,2020-03-01 08:48:45,1234037850850480128,RT @Reuters: Factbox: Seven Democrats still in the fight for U.S. presidential nomination https://t.co/RofEt3ZcTh https://t.co/M4C11d6k2M
489,2020-03-01 08:47:36,1234037560755806208,RT @Reuters: Factbox: Seven Democrats still in the fight for U.S. presidential nomination https://t.co/uQmrlSMj6d https://t.co/tffdZ5N83O
490,2020-03-01 08:47:14,1234037469152194560,RT @Reuters: Factbox: Seven Democrats still in the fight for U.S. presidential nomination https://t.co/uQmrlSMj6d https://t.co/tffdZ5N83O
491,2020-03-01 08:47:10,1234037452538384384,RT @Reuters: Factbox: Seven Democrats still in the fight for U.S. presidential nomination https://t.co/RofEt3ZcTh https://t.co/M4C11d6k2M
492,2020-03-01 08:46:52,1234037375572955136,"RT @vexedvixen17: üá∫üá∏ I May Sometimes Be Disgruntled By A Few Of President Trump's Decisions. Make No Mistake About It..I Love POTUS, &amp; Supp‚Ä¶"
493,2020-03-01 08:46:51,1234037370883698688,RT @Reuters: Factbox: Seven Democrats still in the fight for U.S. presidential nomination https://t.co/uQmrlSMj6d https://t.co/tffdZ5N83O
494,2020-03-01 08:46:35,1234037307184779264,RT @Reuters: Factbox: Seven Democrats still in the fight for U.S. presidential nomination https://t.co/uQmrlSMj6d https://t.co/tffdZ5N83O
495,2020-03-01 08:46:14,1234037215807799299,"""Factbox: Seven Democrats Still in the Fight for U.S. Presidential Nomination"" by Reuters via NYT https://t.co/0jAVWR0HoW"
496,2020-03-01 08:46:01,1234037161294532608,RT @Reuters: Factbox: Seven Democrats still in the fight for U.S. presidential nomination https://t.co/RofEt3ZcTh https://t.co/M4C11d6k2M
497,2020-03-01 08:45:59,1234037153417445376,RT @Reuters: Factbox: Seven Democrats still in the fight for U.S. presidential nomination https://t.co/uQmrlSMj6d https://t.co/tffdZ5N83O
498,2020-03-01 08:45:32,1234037041622659072,Factbox: Seven Democrats still in the fight for U.S. presidential nomination https://t.co/uQmrlSMj6d https://t.co/tffdZ5N83O
499,2020-03-01 08:44:34,1234036798009094145,RT @Reuters: Factbox: Seven Democrats still in the fight for U.S. presidential nomination https://t.co/RofEt3ZcTh https://t.co/M4C11d6k2M
